Timestamp,From Bank,Account,To Bank,Account.1,Amount Received,Receiving Currency,Amount Paid,Payment Currency,Payment Format,Is Laundering,predicted_prob
2022/09/02 02:05,127593,80A2A21C0,27755,80A4789D0,124.09,Australian Dollar,124.09,Australian Dollar,Credit Card,0,0.00022311193300933793
2022/09/07 17:14,12,804FCE0A0,13659,804FF0520,492361.41,Rupee,492361.41,Rupee,Credit Card,0,0.0001067264184768542
2022/09/09 11:55,18511,803236F50,18679,80B576D00,4403.58,US Dollar,4403.58,US Dollar,Cheque,0,0.00024100135825267256
2022/09/09 22:07,3,8031EA090,20,8035A3150,188872.12,Yuan,188872.12,Yuan,ACH,0,0.02446940752425824
2022/09/09 00:13,122545,8138990D0,122545,8138990D0,82.5,Euro,74.84,UK Pound,ACH,0,0.018412286933403126
2022/09/02 08:59,134920,80CE46100,36868,80DA0B790,315.37,Brazil Real,315.37,Brazil Real,Credit Card,0,0.00012077144199626745
2022/09/09 01:10,10,8061A3A90,116843,806615C30,673305.0,Ruble,673305.0,Ruble,Cheque,0,0.0001067264184768542
2022/09/07 06:46,29802,80B870CF0,132923,80C2A3B10,11948.13,US Dollar,11948.13,US Dollar,Credit Card,0,0.0001067264184768542
2022/09/04 23:13,25637,802FAE1F0,121303,80BF5ADE0,18790.29,US Dollar,18790.29,US Dollar,Cash,0,0.003153140670571128
2022/09/12 10:34,228101,80B0C3F40,119,811DCA9B0,20956.02,Saudi Riyal,20956.02,Saudi Riyal,ACH,1,0.04843221546280537
2022/09/01 00:29,22806,8015A0A00,22806,8015A0A00,9.41,Euro,9.41,Euro,Reinvestment,0,0.001271402435278388
2022/09/02 19:34,3229,803FF9220,220271,81114D580,10295.53,US Dollar,10295.53,US Dollar,ACH,1,0.031023005642522198
2022/09/02 08:57,11899,8075A17C0,3420,80EC77170,1562.01,US Dollar,1562.01,US Dollar,Credit Card,0,0.00022311193300933793
2022/09/01 13:51,136353,80D7005F0,136353,80D7005F0,316382.36,Brazil Real,316382.36,Brazil Real,Reinvestment,0,0.0009134356222305813
2022/09/04 16:48,220,8001F90F0,24132,8027B9420,3.83,US Dollar,3.83,US Dollar,Cash,0,0.0027892099354534217
2022/09/02 20:20,11,8018BB3B0,17610,80CEA4CD0,371006.93,Euro,371006.93,Euro,Cheque,0,0.0004762818878157548
2022/09/10 22:07,25637,802824E20,116845,80B4459E0,262.83,US Dollar,262.83,US Dollar,Credit Card,0,0.0019564645675857915
2022/09/09 22:01,3,800072B30,23146,802FF7EF0,20550.85,Yuan,20550.85,Yuan,Cheque,0,0.0002608394516838946
2022/09/01 00:28,21258,8042894C0,21258,8042894C0,21.37,US Dollar,21.37,US Dollar,Reinvestment,0,0.00012077144199626745
2022/09/02 16:11,70,1004287C8,117070,8073A3D10,10708.05,Ruble,10708.05,Ruble,Credit Card,0,0.0027892099354534217
2022/09/09 02:21,70,100428660,16136,804EA1DD0,673.25,US Dollar,673.25,US Dollar,Cheque,0,0.005393604196273509
2022/09/04 16:35,9129,80B4D3030,1420,8016E2C30,219.12,US Dollar,219.12,US Dollar,ACH,1,0.04843221546280537
2022/09/10 10:21,21575,807BB1FA0,137024,80E0ABF20,30.5,US Dollar,30.5,US Dollar,Cheque,0,0.0015771308377075398
2022/09/05 10:38,70,1004289C0,144735,810229940,22005.02,Shekel,22005.02,Shekel,Credit Card,0,1.0569930661254862e-05
2022/09/05 06:31,215064,811C828F0,12585,81280A1F0,143.55,US Dollar,143.55,US Dollar,Credit Card,0,1.0569930661254862e-05
2022/09/08 16:02,112,80EB94FB0,116,80F1FE690,183.88,Swiss Franc,183.88,Swiss Franc,ACH,0,0.02175948815800694
2022/09/07 12:21,24424,80D025550,120046,80D0257F0,20953.11,US Dollar,20953.11,US Dollar,Cheque,1,0.00014550508631540194
2022/09/08 17:38,1,801A427A0,11904,802272E00,5317.23,US Dollar,5317.23,US Dollar,Cheque,0,0.00012077144199626745
2022/09/01 03:06,11,808190F20,27535,80ABD99F0,14.03,Euro,14.03,Euro,Credit Card,0,0.0001067264184768542
2022/09/08 20:57,1665,8004A6500,23402,801BE18C0,501.63,US Dollar,501.63,US Dollar,Cheque,0,0.0013675636676132382
2022/09/07 09:46,71,8049D90D0,3,8049EC7E0,41805.5,Rupee,41805.5,Rupee,Credit Card,0,1.0569930661254862e-05
2022/09/08 12:09,11128,8045F4500,121303,808C531A0,270.35,US Dollar,270.35,US Dollar,ACH,1,0.02985032277042511
2022/09/08 08:55,1665,800B5BA20,19023,804D48740,56.75,Euro,56.75,Euro,Cheque,0,0.00012077144199626745
2022/09/06 10:46,214,80963C6A0,214,80981F1A0,1382.35,Canadian Dollar,1382.35,Canadian Dollar,Cheque,0,0.00020838547867962134
2022/09/04 13:19,11657,802692ED0,22,80C498240,402.4,Euro,402.4,Euro,Credit Card,0,0.0027892099354534217
2022/09/09 08:19,1688,800473C40,28,8000B8AB0,299842.45,Mexican Peso,299842.45,Mexican Peso,ACH,1,0.03125016847632063
2022/09/03 21:47,13154,804F35E10,13659,805858690,561806.18,Rupee,561806.18,Rupee,Cheque,0,0.0022151751194751618
2022/09/02 09:52,254565,8142CF621,55424,814913171,1.195799,Bitcoin,1.195799,Bitcoin,Bitcoin,0,0.0037725499967520004
2022/09/05 13:42,10,8000F89F0,2439,8047E8430,304.8,US Dollar,304.8,US Dollar,Cheque,0,0.00012077144199626745
2022/09/02 08:02,70,100428660,4726,806C6A5F0,48.03,US Dollar,48.03,US Dollar,Cash,1,0.005178344656527337
2022/09/09 13:21,6,80A1BCB50,28,80A5C2080,658.52,Australian Dollar,658.52,Australian Dollar,Cheque,0,0.0006547250703412115
2022/09/05 02:50,29064,80B07F000,129171,80B0A2CA0,1549.1,Australian Dollar,1549.1,Australian Dollar,ACH,1,0.027321952286655585
2022/09/05 00:12,9679,804747C60,9665,803DB9A00,8828.76,Yen,8828.76,Yen,Credit Card,0,1.0569930661254862e-05
2022/09/05 04:43,70,100428780,3,805D54FA0,39063863.88,Rupee,39063863.88,Rupee,Cheque,0,0.0002618906008478857
2022/09/06 21:46,27637,80518A110,211050,80B456730,16.41,US Dollar,16.41,US Dollar,Cheque,0,0.00012077144199626745
2022/09/01 04:49,1729,800FC5020,219969,80C2B70A0,24263.67,US Dollar,24263.67,US Dollar,Credit Card,0,0.0001067264184768542
2022/09/02 23:06,24515,801DB09C0,23402,80C0C0870,1499.38,US Dollar,1499.38,US Dollar,Cheque,0,0.0009258418971884515
2022/09/01 00:23,220,813DFE5C1,54219,81474A981,1.585629,Bitcoin,1.585629,Bitcoin,Bitcoin,0,0.0007832556799535189
2022/09/01 23:26,232583,80C9C72A0,232583,80C9C72A0,4.71,US Dollar,4.71,US Dollar,Reinvestment,0,0.0027892099354534217
2022/09/10 14:50,1467,8005D8AB0,111631,808580140,142.48,US Dollar,142.48,US Dollar,Cheque,0,0.0006547250703412115
2022/09/01 11:21,17861,8052B1810,13862,81451BB70,25033.78,Euro,25033.78,Euro,Credit Card,0,0.00022311193300933793
2022/09/02 04:18,114590,805C0CAD0,14381,805C0CC10,38080.95,Rupee,38080.95,Rupee,ACH,0,0.005681965062062117
2022/09/09 02:38,25170,80958E770,125633,809911D40,3612.18,Canadian Dollar,3612.18,Canadian Dollar,Cheque,0,1.0569930661254862e-05
2022/09/09 18:57,126,81362F721,126,81362F721,0.01027,Bitcoin,0.01027,Bitcoin,Bitcoin,0,0.0035302361580085385
2022/09/14 06:24,27365,80DE18E90,41407,80F454910,7731.5,Swiss Franc,7731.5,Swiss Franc,ACH,1,0.028937240428682964
2022/09/13 05:39,33780,80E3C0300,214615,808FD5CA0,3916.34,US Dollar,3916.34,US Dollar,ACH,1,0.02736356834648525
2022/09/02 02:29,15863,8102F0850,120691,812021D70,1993.91,Euro,1993.91,Euro,Wire,0,0.0001320588994628877
2022/09/13 15:03,3045,802993780,1412,8051E3B20,14195.02,US Dollar,14195.02,US Dollar,ACH,1,0.04843221546280537
2022/09/02 07:36,70,1004288E8,33739,80C792C80,12638716.43,Mexican Peso,12638716.43,Mexican Peso,Cheque,0,0.0004762818878157548
2022/09/09 13:00,20,80024BAA0,1490,8004F9E10,6651.92,Euro,6651.92,Euro,Cheque,0,0.0013675636676132382
2022/09/09 00:10,10,8005C3C20,1411,803B98550,16.96,US Dollar,16.96,US Dollar,Credit Card,0,1.0569930661254862e-05
2022/09/09 15:59,2824,80200E890,1729,800E25B20,1134.42,US Dollar,1134.42,US Dollar,ACH,1,0.0277158379053129
2022/09/08 12:21,3045,8014CF090,16431,8071B4670,13946.84,Euro,13946.84,Euro,Credit Card,0,0.0002608394516838946
2022/09/09 15:48,70,1004286A8,111121,80B5FBB90,83892.2,Euro,83892.2,Euro,Cash,0,0.005393604196273509
2022/09/01 03:56,11318,8032EEB20,11318,8032EEB20,46051.58,US Dollar,46051.58,US Dollar,Reinvestment,0,0.0006547250703412115
2022/09/06 03:25,116,80E2310A0,116,80E443900,223.72,Swiss Franc,223.72,Swiss Franc,Cheque,0,9.944301988983644e-05
2022/09/01 15:23,1490,801F29E80,21745,8069BF540,4069.81,Euro,4069.81,Euro,ACH,0,0.03377886873695199
2022/09/09 06:54,27535,813117BA0,14254,81384F270,24.58,Euro,24.58,Euro,Wire,0,0.0001320588994628877
2022/09/07 22:53,70,100428A51,256229,814711861,2.579157,Bitcoin,2.579157,Bitcoin,Bitcoin,1,0.006338647999196085
2022/09/01 18:50,24963,802077800,17863,8093936B0,8444.03,Euro,8444.03,Euro,Cheque,0,0.00022311193300933793
2022/09/08 05:14,4600,802386190,3045,801EE3CD0,13643.46,Euro,13643.46,Euro,ACH,1,0.016894479433228093
2022/09/06 06:59,10,8000F72F0,220,800135370,9.02,US Dollar,9.02,US Dollar,Credit Card,0,9.944301988983644e-05
2022/09/04 01:13,9,8065D8D50,16678,8071B37C0,57021.12,Ruble,57021.12,Ruble,Credit Card,0,0.00022311193300933793
2022/09/10 06:34,70,100428660,513,80054E280,68.9,US Dollar,68.9,US Dollar,Cash,0,0.004143931266928089
2022/09/01 00:04,229089,811725840,229089,811725840,23.19,US Dollar,23.19,US Dollar,Reinvestment,0,0.00022311193300933793
2022/09/06 06:48,218755,807AE1520,16388,80D17B290,35.59,Euro,35.59,Euro,Credit Card,0,0.0002811327012240254
2022/09/02 08:21,13145,8021459D0,16163,80CA2AAA0,2167.01,US Dollar,2167.01,US Dollar,Cheque,0,0.0001067264184768542
2022/09/08 06:38,119,811C597B0,48309,811C599A0,15786.73,Saudi Riyal,15786.73,Saudi Riyal,ACH,1,0.04691440796263034
2022/09/06 12:37,43049,80FD5EE10,43849,810255830,3007268.52,Shekel,3007268.52,Shekel,Cash,0,0.00012077144199626745
2022/09/01 01:48,1686,800C54180,1686,800C54180,105262.95,US Dollar,105262.95,US Dollar,Reinvestment,0,0.0006547250703412115
2022/09/09 14:25,9,80611B0E0,218502,806ADFE50,70369.23,Ruble,70369.23,Ruble,Cheque,0,0.00039076945135225756
2022/09/10 09:51,27217,810F3ABB0,232391,810F3B090,2424.55,Euro,2424.55,Euro,ACH,1,0.02985032277042511
2022/09/03 11:13,5329,807C10E70,226331,807F494F0,16234.35,US Dollar,16234.35,US Dollar,Credit Card,0,0.0004762818878157548
2022/09/06 13:20,16254,80C65FCB0,125305,80957D980,16706462.72,Canadian Dollar,16706462.72,Canadian Dollar,ACH,1,0.02464291179170884
2022/09/04 12:31,287,80635CEE0,118202,806EA32A0,17858.73,Ruble,17858.73,Ruble,Credit Card,0,0.001271402435278388
2022/09/01 00:16,24941,809918A10,24941,809918A10,7.27,Canadian Dollar,7.27,Canadian Dollar,Reinvestment,0,0.00012077144199626745
2022/09/05 22:53,27,80B7BEF50,28,80C587C20,3282.01,Mexican Peso,3282.01,Mexican Peso,Cheque,0,0.0001067264184768542
2022/09/04 06:06,15,812D20151,154477,81473BEA1,0.007411,Bitcoin,0.007411,Bitcoin,Bitcoin,0,0.0037725499967520004
2022/09/05 13:07,1244,800F64140,1729,800F641E0,4681.99,US Dollar,4681.99,US Dollar,ACH,0,0.02087863349472027
2022/09/02 06:53,10,8003A8280,113798,80558FEF0,130.65,US Dollar,130.65,US Dollar,Cheque,0,9.944301988983644e-05
2022/09/01 01:09,70,100428738,29467,804444AD0,140563.57,Yen,140563.57,Yen,Credit Card,0,0.0001067264184768542
2022/09/01 11:05,795,8006ED090,795,8006ED090,26666.64,US Dollar,26666.64,US Dollar,Reinvestment,0,0.0019564645675857915
2022/09/06 13:43,908,8008E2F80,136651,8107D7570,1016.78,US Dollar,1016.78,US Dollar,Cheque,0,0.0001067264184768542
2022/09/06 00:24,17769,807B733C0,28183,809552EE0,888.24,Euro,888.24,Euro,Cash,0,0.0001067264184768542
2022/09/02 18:58,3928,800687850,1467,800689960,258.09,US Dollar,258.09,US Dollar,Credit Card,0,0.0001067264184768542
2022/09/01 20:18,70,1004286A8,3045,80BB320A0,12575.2,Euro,12575.2,Euro,Cheque,0,0.003837962038690472
2022/09/09 17:23,2991,801E873A0,1244,807D9DB50,18005.72,US Dollar,18005.72,US Dollar,Credit Card,0,0.00022311193300933793
2022/09/07 13:57,16163,80ACD8330,9417,8047CBDA0,53008.46,Yuan,53008.46,Yuan,ACH,1,0.017579541565535498
2022/09/10 16:55,118,812D06150,223,8119F8CC0,19250.39,Saudi Riyal,19250.39,Saudi Riyal,ACH,1,0.04843221546280537
2022/09/07 12:05,70,1004286A8,14254,81119EF20,220.74,Euro,220.74,Euro,Cheque,0,0.004143931266928089
2022/09/02 04:29,2627,8017C9E10,12381,801BFD420,248.06,US Dollar,248.06,US Dollar,Cheque,0,0.00022311193300933793
2022/09/09 19:06,11318,80C95D9D0,17748,8108A1B80,980.7,US Dollar,980.7,US Dollar,Cheque,0,0.001271402435278388
2022/09/02 03:04,48309,811F03E40,148348,8123A2860,3325.75,Saudi Riyal,3325.75,Saudi Riyal,Cheque,0,0.0005870426681270444
2022/09/09 10:36,21749,801044430,5175,802395E10,1672.38,Euro,1672.38,Euro,ACH,0,0.0474321437105699
2022/09/06 08:02,5328,8050F9CA0,14254,80793AE20,599.92,Euro,599.92,Euro,Credit Card,0,0.0001067264184768542
2022/09/05 11:33,211,807662040,222773,80885E6D0,127.01,UK Pound,127.01,UK Pound,Cash,0,0.0001067264184768542
2022/09/09 08:33,126,813B4AF01,126,813B4AF01,0.119496,Bitcoin,0.119496,Bitcoin,Bitcoin,0,0.002865233712503982
2022/09/05 10:14,231744,80BD1E240,33727,80CA84D00,37854.06,Mexican Peso,37854.06,Mexican Peso,Cheque,0,0.00027341954619423324
2022/09/01 07:17,70,100428A08,148586,812416640,10859.14,Saudi Riyal,10859.14,Saudi Riyal,Cheque,1,0.0006547250703412115
2022/09/06 19:31,70,1004286A8,237316,812587F40,5263.88,Euro,5263.88,Euro,Cash,0,0.004143931266928089
2022/09/05 17:58,210431,80BAB1460,27535,8122DD970,101.49,Euro,101.49,Euro,Cheque,0,0.00012077144199626745
2022/09/07 04:38,152416,813776FA1,254355,813F8F9E1,0.100308,Bitcoin,0.100308,Bitcoin,Bitcoin,0,0.00249586113955077
2022/09/01 21:04,112,80E8B24E0,141166,80F5D9210,46.9,Swiss Franc,46.9,Swiss Franc,Credit Card,0,0.00022311193300933793
2022/09/06 00:24,1132,80C182000,213,80C19B710,45452.75,Mexican Peso,45452.75,Mexican Peso,Credit Card,0,0.0001067264184768542
2022/09/05 10:43,12,800054B70,28,8000B4150,262128.59,Mexican Peso,262128.59,Mexican Peso,ACH,1,0.03917309832079086
2022/09/09 01:35,18200,81155DFB0,128853,812DEB830,18172.39,Yuan,18172.39,Yuan,Credit Card,0,0.0001067264184768542
2022/09/05 12:03,5836,802C61040,3051,804282480,18556.23,US Dollar,18556.23,US Dollar,ACH,1,0.04820505262900694
2022/09/09 00:15,4600,812B5DE70,49728,812E96570,24.22,Euro,24.22,Euro,Credit Card,0,0.0001320588994628877
2022/09/05 11:36,70,100428780,213005,804B63710,13100.5,Rupee,13100.5,Rupee,Cash,0,0.0015342567953306172
2022/09/04 22:24,25960,81212BB00,111326,81212C370,3350.93,Euro,3350.93,Euro,ACH,0,0.04843221546280537
2022/09/08 13:56,1420,8005C1BC0,11471,800FB38F0,39810.93,US Dollar,39810.93,US Dollar,Cheque,0,0.0001067264184768542
2022/09/07 22:26,124331,80BD8BFF0,22164,80C351C30,3201.76,US Dollar,3201.76,US Dollar,Cheque,0,0.00012077144199626745
2022/09/05 07:05,3514,8032C3860,3514,8032C3860,4539081161.49,Yen,36751915.21,Euro,ACH,0,0.0027892099354534217
2022/09/10 17:42,27,80BD3BD90,133471,80CA31BA0,7782.83,Mexican Peso,7782.83,Mexican Peso,Cheque,0,0.0002608394516838946
2022/09/02 06:37,22205,8037499E0,11405,807FF7C40,184.37,US Dollar,184.37,US Dollar,Cheque,0,0.00012077144199626745
2022/09/09 05:58,345567,8133C4F00,225263,808B9F3B0,114.51,US Dollar,114.51,US Dollar,Cash,0,0.0002996181195224424
2022/09/10 01:12,8623,8072C7DD0,10,809C01600,198.45,US Dollar,198.45,US Dollar,Credit Card,0,0.00012077144199626745
2022/09/02 06:30,234222,81448AF00,13083,81448B620,1379.56,Euro,1379.56,Euro,ACH,0,0.03125016847632063
2022/09/01 04:55,27684,805263630,27684,805263630,11.83,Euro,11.83,Euro,Reinvestment,0,0.0004762818878157548
2022/09/01 09:57,33903,80D0D4190,33903,80D0D4190,20033.09,US Dollar,20033.09,US Dollar,Reinvestment,0,0.0006547250703412115
2022/09/02 06:50,23,800207350,18428,805B3CD30,35.99,Euro,35.99,Euro,Cheque,0,0.00012077144199626745
2022/09/05 13:30,110057,803E09020,10060,803E69DD0,13767.7,Yen,13767.7,Yen,Cheque,0,1.0569930661254862e-05
2022/09/02 21:21,32575,80150F0D0,22775,801505980,32.3,Euro,32.3,Euro,Credit Card,0,0.0004762818878157548
2022/09/02 00:52,138335,80E54A3A0,118,80E8B4F60,18610.17,Swiss Franc,18610.17,Swiss Franc,Credit Card,0,0.00012077144199626745
2022/09/02 23:35,11157,80208F660,1665,804D116E0,13195.0,US Dollar,13195.0,US Dollar,Cheque,0,0.0017891381832179465
2022/09/09 05:28,124,813747681,15,8137476D1,0.213082,Bitcoin,0.213082,Bitcoin,Bitcoin,1,0.0036561644822195164
2022/09/14 08:24,908,805A69D20,117,80F219920,14334.68,Swiss Franc,14334.68,Swiss Franc,ACH,1,0.04576377696934822
2022/09/09 07:36,11,800B6AB80,24963,8041C4CE0,347.49,Euro,347.49,Euro,ACH,0,0.02331990915437899
2022/09/09 03:57,11128,8045F4500,10709,80D4EE160,6985.26,Euro,6985.26,Euro,ACH,1,0.02446940752425824
2022/09/10 13:27,210319,80469E0F0,210261,80469E710,445054.01,Yen,445054.01,Yen,ACH,1,0.04843221546280537
2022/09/02 08:55,70,100428978,239604,80EA68BF0,9533.41,Swiss Franc,9533.41,Swiss Franc,Cheque,1,0.0001067264184768542
2022/09/01 00:04,11899,8099EEFC0,11899,8099EEFC0,9834.01,US Dollar,9834.01,US Dollar,Reinvestment,0,0.0009258418971884515
2022/09/05 02:00,513,800CBCFB0,8771,804955500,1810.92,US Dollar,1810.92,US Dollar,Cheque,0,0.00012077144199626745
2022/09/09 21:47,70,100428660,113865,80BA3D390,13162.22,US Dollar,13162.22,US Dollar,Cash,0,0.004421318352727086
2022/09/05 22:00,70,1004288A0,28317,80A7B4060,635.74,Australian Dollar,635.74,Australian Dollar,Cash,0,0.0004762818878157548
2022/09/02 08:10,24,803A7F340,15,803AF0A60,71246657.59,Yen,71246657.59,Yen,Cash,0,0.0001067264184768542
2022/09/08 16:19,14,80FED3461,119,810518E31,0.158314,Bitcoin,0.158314,Bitcoin,Bitcoin,0,0.002827506193829425
2022/09/06 10:31,42596,80FAFDAC0,40404,80FC5F5B0,1961.38,Swiss Franc,1961.38,Swiss Franc,Cheque,0,0.0001067264184768542
2022/09/09 10:40,70,100428810,220504,809021040,7441621.78,UK Pound,7441621.78,UK Pound,Cheque,0,0.0021231576953031706
2022/09/03 12:55,28,80A260FC0,128558,80B705C30,4209.61,Australian Dollar,4209.61,Australian Dollar,Cash,0,0.0027892099354534217
2022/09/02 06:59,11107,80C540580,226657,80C7F9430,20820.88,US Dollar,20820.88,US Dollar,ACH,0,0.02202926448800239
2022/09/08 22:56,28663,80A7EB460,28222,80A7EB4B0,2798.24,Australian Dollar,2798.24,Australian Dollar,ACH,1,0.018412286933403126
2022/09/08 02:13,223,8000DA200,148785,8122BFE50,3611.03,Saudi Riyal,3611.03,Saudi Riyal,Cheque,0,0.0001067264184768542
2022/09/05 12:40,1729,80133AAC0,12735,8022DD2D0,1502.36,US Dollar,1502.36,US Dollar,Credit Card,0,0.0001067264184768542
2022/09/02 12:40,1490,8069924A0,27684,80759D350,25.62,Euro,25.62,Euro,Cheque,0,0.0001320588994628877
2022/09/01 00:27,1244,801CF4460,1244,801CF4460,47521.6,US Dollar,47521.6,US Dollar,Reinvestment,0,0.00012077144199626745
2022/09/02 15:19,346246,810ECD4D0,14,810ECFBE0,708.79,Shekel,708.79,Shekel,Cheque,0,0.0001320588994628877
2022/09/04 09:41,28,80A106900,228009,80A1D7A70,3120.55,Australian Dollar,3120.55,Australian Dollar,Cheque,0,0.0028279886032919694
2022/09/01 22:09,229122,80B0DB1D0,129854,80B0DBA00,61108.71,Australian Dollar,61108.71,Australian Dollar,ACH,1,0.041486026368428526
2022/09/08 01:30,15723,80A7A04D0,11296,810F51010,7877.35,US Dollar,7877.35,US Dollar,Cheque,0,0.0001067264184768542
2022/09/05 11:30,1502,804A3E600,24811,80787B900,122.81,Euro,122.81,Euro,Credit Card,0,9.944301988983644e-05
2022/09/09 01:30,28717,80AF0D4E0,23691,80F27E380,641.88,Euro,641.88,Euro,Cash,0,0.00022311193300933793
2022/09/02 20:00,1,801E79E00,25981,802E88D30,6936.43,US Dollar,6936.43,US Dollar,Credit Card,0,0.0009006015762308751
2022/09/01 00:14,16649,806AA4210,218638,8073AD240,9822.2,Ruble,9822.2,Ruble,Credit Card,0,0.00022311193300933793
2022/09/08 00:32,14549,803442580,12,807CFCB70,519.87,US Dollar,519.87,US Dollar,Cheque,0,0.0001067264184768542
2022/09/09 20:03,13037,803A90420,215266,80CD28830,10.95,US Dollar,10.95,US Dollar,Wire,0,0.005178344656527337
2022/09/01 10:52,245668,810B96290,245441,8114F92B0,3610.51,Shekel,3610.51,Shekel,Credit Card,0,0.0001067264184768542
2022/09/06 23:10,116,80E4F3370,117,80E5CFE30,520.27,Swiss Franc,520.27,Swiss Franc,Credit Card,0,0.0001067264184768542
2022/09/07 00:04,220,80600A020,21575,80A8F8420,1359.73,US Dollar,1359.73,US Dollar,Cheque,0,9.944301988983644e-05
2022/09/07 05:52,1467,8003E7550,513,8013BDAF0,517.63,US Dollar,517.63,US Dollar,Credit Card,0,1.0569930661254862e-05
2022/09/03 10:47,220,80013D570,8623,80D986520,149.3,US Dollar,149.3,US Dollar,Cheque,0,0.00012077144199626745
2022/09/01 03:23,317386,806B0B470,317386,806B0B470,277213.35,Ruble,277213.35,Ruble,Reinvestment,0,0.001271402435278388
2022/09/08 15:09,111031,80C4325B0,10099,80C4326A0,184531.22,Yen,184531.22,Yen,ACH,1,0.03322334066004194
2022/09/08 05:34,23,800167090,11,8001FD490,1672607.75,Euro,1672607.75,Euro,Cheque,0,0.0004762818878157548
2022/09/01 02:02,18405,806B9AA00,18405,806B9AA00,848646.8,Ruble,848646.8,Ruble,Reinvestment,0,0.0027892099354534217
2022/09/06 12:00,27616,811D08740,234032,8124FDFF0,80.96,Euro,80.96,Euro,Credit Card,0,0.0001067264184768542
2022/09/09 22:25,23555,801680A00,14290,8023467D0,218.34,Euro,218.34,Euro,Credit Card,0,0.0004762818878157548
2022/09/01 08:27,15,80A137880,28,80A138310,1404.19,Australian Dollar,1404.19,Australian Dollar,Credit Card,0,0.0002608394516838946
2022/09/02 05:12,122463,808A8A980,22091,80B208610,53.04,UK Pound,53.04,UK Pound,Cheque,0,0.0001067264184768542
2022/09/06 13:26,12004,801816AF0,3655,802E94640,201.09,Euro,201.09,Euro,Credit Card,0,0.0001067264184768542
2022/09/05 04:02,26592,80B3920F0,214615,80C1C47A0,1378.74,US Dollar,1378.74,US Dollar,Wire,0,0.00012077144199626745
2022/09/06 01:37,113,80FE0DF40,142950,80FF8FB60,22234.04,Shekel,22234.04,Shekel,Cheque,0,1.0569930661254862e-05
2022/09/01 21:11,11474,800C3E260,10642,806F83740,280.53,US Dollar,280.53,US Dollar,Cheque,0,0.00030245551151356076
2022/09/10 23:04,137196,810513910,45862,812CCFE50,471.9,US Dollar,471.9,US Dollar,Credit Card,0,0.0027892099354534217
2022/09/06 09:14,1124,8062BC1E0,42810,81368BE10,2185.52,US Dollar,2185.52,US Dollar,Credit Card,0,9.944301988983644e-05
2022/09/03 01:20,28693,810E38A20,236746,810E39080,1968.9,US Dollar,1968.9,US Dollar,ACH,1,0.034200443252556695
2022/09/05 17:12,21387,8011FA0F0,20,802745C90,351.46,Euro,351.46,Euro,Cheque,0,0.0001067264184768542
2022/09/01 12:59,55188,81488E541,55188,81488E541,0.000857,Bitcoin,0.000857,Bitcoin,Bitcoin,0,0.004204163134083874
2022/09/09 20:46,1547,8010799B0,2467,8016455C0,3412.34,Euro,3412.34,Euro,Credit Card,0,0.0006547250703412115
2022/09/07 14:11,22,800C7C6C0,25382,80D393DC0,97.36,Euro,97.36,Euro,Credit Card,0,0.0001067264184768542
2022/09/09 14:00,11056,8015C76E0,24144,803CF7240,227.45,Euro,227.45,Euro,ACH,0,0.03125016847632063
2022/09/02 00:45,317770,80D2CE890,5140,80D2CE7A0,904.99,US Dollar,904.99,US Dollar,ACH,0,0.004475279960931114
2022/09/06 07:41,2947,806FE0A50,123773,808EC2BC0,2924.39,US Dollar,2924.39,US Dollar,Credit Card,0,0.0001067264184768542
2022/09/01 05:20,70,1004286F0,12278,80B0F5100,26780.58,Yuan,26780.58,Yuan,Cheque,1,0.0004762818878157548
2022/09/05 19:54,213,809318EA0,126844,809EACCE0,83.25,Canadian Dollar,83.25,Canadian Dollar,Credit Card,0,0.0001067264184768542
2022/09/07 10:58,2454,8023F63F0,25637,80BBC8470,41551.48,US Dollar,41551.48,US Dollar,ACH,0,0.04586611746036129
2022/09/02 08:50,4403,8021B66B0,16535,80D656070,2563.6,US Dollar,2563.6,US Dollar,Credit Card,0,0.00012077144199626745
2022/09/06 11:04,116,80E9C6890,39556,80F214720,301.68,Swiss Franc,301.68,Swiss Franc,Credit Card,0,0.0001067264184768542
2022/09/01 09:30,1244,80E3ACF00,16733,8100BFD90,175620.82,US Dollar,175620.82,US Dollar,ACH,0,0.008808498143335465
2022/09/02 09:42,220,80C11ACA0,13264,80C11AF20,22425.91,US Dollar,22425.91,US Dollar,ACH,1,0.02153232532420851
2022/09/06 14:43,32405,811AD68A0,139793,80EB1AA20,2976.52,Swiss Franc,2976.52,Swiss Franc,ACH,1,0.04611928741516771
2022/09/05 23:59,70,1004288E8,214,80B73DBD0,401702.98,Mexican Peso,401702.98,Mexican Peso,Credit Card,0,0.001271402435278388
2022/09/08 04:00,70,100428660,14387,80F44E460,739.88,US Dollar,739.88,US Dollar,Cash,0,0.002955903063170801
2022/09/06 21:55,2845,801189FC0,1467,804E72BF0,17842.5,US Dollar,17842.5,US Dollar,ACH,0,0.008358938133962768
2022/09/07 10:32,2454,80ACD2620,10614,80B24B540,2986.69,US Dollar,2986.69,US Dollar,Cheque,0,0.0001067264184768542
2022/09/09 00:01,9608,80F5E5510,4,80E6056B0,160.19,Yuan,160.19,Yuan,Credit Card,0,0.0001067264184768542
2022/09/09 07:32,70,100428660,27444,803192310,44.76,US Dollar,44.76,US Dollar,Cheque,1,0.005178344656527337
2022/09/09 01:40,11,80095E250,21745,800FE04F0,5430.96,Euro,5430.96,Euro,Cheque,0,0.0001067264184768542
2022/09/08 07:50,18549,808D07030,18549,808D07030,497.66,Canadian Dollar,377.22,US Dollar,ACH,0,0.004025719951558418
2022/09/07 22:22,513,800FC5BD0,513,800FC5BD0,22025933.94,Yen,208974.71,US Dollar,ACH,0,0.018412286933403126
2022/09/05 01:34,12735,80E1B2B40,37969,80E1B2CD0,2760.46,US Dollar,2760.46,US Dollar,ACH,1,0.01909104966454979
2022/09/02 22:49,225,814281731,254242,814281781,0.373332,Bitcoin,0.373332,Bitcoin,Bitcoin,1,0.006338647999196085
2022/09/07 01:52,23402,8032B1DA0,1420,803F09250,308.92,US Dollar,308.92,US Dollar,Cheque,0,0.0001067264184768542
2022/09/05 03:49,122055,8096855D0,226735,809E9CC90,130.3,Canadian Dollar,130.3,Canadian Dollar,Credit Card,0,9.944301988983644e-05
2022/09/08 02:42,70,1004286A8,6052,813497AA0,35648.97,Euro,35648.97,Euro,Cash,0,0.0030479204873427915
2022/09/01 22:38,26442,81361FF80,26442,81361FF80,4957.71,US Dollar,4957.71,US Dollar,Reinvestment,0,0.0006547250703412115
2022/09/02 16:21,112064,804D43550,13154,804DA4E60,25609460.65,Rupee,25609460.65,Rupee,ACH,0,0.02202926448800239
2022/09/09 19:13,11318,8041B5B60,3698,80DD098A0,14.0,US Dollar,14.0,US Dollar,ACH,0,0.018412286933403126
2022/09/03 14:00,23,80037D780,11,8009E8660,1359.36,Euro,1359.36,Euro,Credit Card,0,0.0006547250703412115
2022/09/06 12:48,17861,807F2AC70,119880,810F3EB50,387.24,Euro,387.24,Euro,Cheque,0,0.00012077144199626745
2022/09/01 19:22,142836,80FDE7EC0,245093,811244D00,6497.81,Shekel,6497.81,Shekel,Cheque,0,0.0001067264184768542
2022/09/09 03:26,1467,800D99200,21575,80192BD10,1399.77,US Dollar,1399.77,US Dollar,Credit Card,0,0.0001067264184768542
2022/09/02 11:40,11974,800BD8970,1588,80729BBE0,128.01,US Dollar,128.01,US Dollar,Credit Card,0,0.0004762818878157548
2022/09/10 12:49,228054,80A9B5370,3,805874660,1280203.49,Rupee,1280203.49,Rupee,ACH,1,0.04843221546280537
2022/09/02 15:21,908,800C16D10,1853,802477290,13532.63,US Dollar,13532.63,US Dollar,Credit Card,0,0.00012077144199626745
2022/09/10 08:39,118,8000E0CA0,1655,801C0A920,2559.45,Euro,2559.45,Euro,ACH,1,0.03520051500479217
2022/09/02 19:48,10441,8079A8C10,238387,8128EA320,387.02,Euro,387.02,Euro,Cheque,0,0.0004762818878157548
2022/09/05 19:01,24856,80911B1F0,225454,809488C60,38.22,Canadian Dollar,38.22,Canadian Dollar,Cheque,0,0.0001067264184768542
2022/09/02 13:13,4,802159580,14,803147090,29020.7,Yuan,29020.7,Yuan,Credit Card,0,0.00022311193300933793
2022/09/03 19:29,19318,8038C61E0,20822,80B10E880,646769.51,Yuan,646769.51,Yuan,Cheque,0,0.0010672947039482542
2022/09/02 18:50,410,800974770,30850,81265FB90,331379.14,Euro,331379.14,Euro,Cash,0,0.0006547250703412115
2022/09/05 10:48,1244,801B4EDE0,6156,80A33B1E0,450.21,US Dollar,450.21,US Dollar,Cheque,0,9.944301988983644e-05
2022/09/09 13:01,11852,800D80C80,3655,805B3E160,321.67,Euro,321.67,Euro,Cheque,0,0.0001320588994628877
2022/09/09 18:12,217680,809BFC670,233168,80E54AEA0,15.88,US Dollar,15.88,US Dollar,Cheque,0,0.0001067264184768542
2022/09/10 16:47,110,80CE474D0,11,800924840,12571.8,Euro,12571.8,Euro,ACH,1,0.04843221546280537
2022/09/08 12:12,70,100428738,15,803F54220,805971.97,Yen,805971.97,Yen,Cheque,1,0.0003654369703662241
2022/09/06 06:34,16388,8073A0FB0,20248,80ECB38B0,90.14,Euro,90.14,Euro,Cheque,0,0.0003794819938856373
2022/09/10 03:07,28317,80A939750,129830,80B2945F0,1186.57,Australian Dollar,1186.57,Australian Dollar,ACH,0,0.03520051500479217
2022/09/11 14:45,23,8007EF950,1601,80340DCF0,20538.8,US Dollar,20538.8,US Dollar,ACH,1,0.04843221546280537
2022/09/08 00:55,3,800069740,3,800069740,1873400.32,Yuan,1873400.32,Yuan,Wire,0,0.0002608394516838946
2022/09/09 20:57,16254,807AAA1B0,27103,807AAA200,2867.26,Euro,2867.26,Euro,ACH,1,0.018412286933403126
2022/09/01 05:49,43049,80FF89190,217,8101478B0,8499.22,Shekel,8499.22,Shekel,Cheque,0,0.00014550508631540194
2022/09/06 09:33,7042,803D3CCF0,122342,80941D500,4283443.72,Euro,4283443.72,Euro,Cash,0,0.00022311193300933793
2022/09/04 10:26,13554,80525B8F0,4600,8077D5010,81.47,Euro,81.47,Euro,Cheque,0,0.0026329938290624564
2022/09/02 02:04,225156,80B4606A0,4503,80C33DAC0,391.12,US Dollar,391.12,US Dollar,Credit Card,0,0.0001067264184768542
2022/09/10 19:04,122352,8094C3670,218267,8094C77F0,4581.77,Euro,4581.77,Euro,ACH,1,0.027311350285165993
2022/09/01 16:59,213704,813E12760,213704,813E12760,4405.84,US Dollar,4405.84,US Dollar,Reinvestment,0,0.0013999128531849553
2022/09/09 20:42,115700,8139C8F80,32464,8139D8770,4335.92,US Dollar,4335.92,US Dollar,ACH,1,0.02985032277042511
2022/09/07 20:02,223,811A4DBD0,222,800051110,22753.45,Saudi Riyal,22753.45,Saudi Riyal,ACH,1,0.04843221546280537
2022/09/02 04:06,10057,803C4C230,15,803ED58A0,1540245.4,Yen,1540245.4,Yen,Cash,0,0.0001067264184768542
2022/09/10 17:47,137218,80DC4A720,137218,80DC4EDE0,188.51,Swiss Franc,188.51,Swiss Franc,ACH,1,0.041486026368428526
2022/09/06 20:38,70,1004286A8,26463,806E57D80,1988.34,Euro,1988.34,Euro,Credit Card,0,0.004143931266928089
2022/09/08 21:41,15,80A1D8010,27621,80A4851B0,2897.89,Australian Dollar,2897.89,Australian Dollar,Credit Card,0,0.005338576246960609
2022/09/05 06:59,1853,802C4DC60,17246,812B95EC0,48.19,US Dollar,48.19,US Dollar,Cash,0,0.0001067264184768542
2022/09/05 16:14,2947,805DD3760,241801,812970810,1642.77,US Dollar,1642.77,US Dollar,Credit Card,0,0.0001067264184768542
2022/09/06 13:10,18097,8036D3410,18097,8037E9ED0,1369.55,Yuan,1369.55,Yuan,Credit Card,0,0.00022311193300933793
2022/09/09 07:00,15180,804BF5750,217950,80698A3A0,259.42,Euro,259.42,Euro,Credit Card,0,0.00012077144199626745
2022/09/06 21:11,119,810000280,144225,81133D310,46165.49,Shekel,46165.49,Shekel,Cheque,0,0.0001067264184768542
2022/09/04 06:01,116,8000C9170,116,80E83E530,420.28,Swiss Franc,420.28,Swiss Franc,ACH,0,0.026197375999901133
2022/09/07 09:36,13327,8028EEEB0,16163,8028EF870,958.78,US Dollar,958.78,US Dollar,ACH,1,0.02106031756423756
2022/09/09 11:50,12797,801BA4330,238125,80F25E710,177.43,Euro,177.43,Euro,Credit Card,0,0.0004762818878157548
2022/09/07 06:14,15768,80A5FD460,15768,80A5FD460,8941.18,Shekel,2647.67,US Dollar,ACH,0,0.00669252804565661
2022/09/04 07:21,149340,812D8B2C0,148785,812D8B310,18464.53,Saudi Riyal,18464.53,Saudi Riyal,ACH,1,0.04843221546280537
2022/09/01 19:23,13345,80B5B1E10,13345,80B5B1E10,13.74,Euro,13.74,Euro,Reinvestment,0,0.0027892099354534217
2022/09/04 09:55,1502,800528E60,22,8007E26A0,3825.91,Euro,3825.91,Euro,Credit Card,0,0.0028279886032919694
2022/09/01 13:00,22205,801B61770,14433,802C33870,0.55,US Dollar,0.55,US Dollar,Wire,0,0.0006547250703412115
2022/09/05 08:57,240229,80EA8C290,41638,80F9B9AC0,3477.15,Swiss Franc,3477.15,Swiss Franc,Wire,0,0.00012077144199626745
2022/09/01 13:59,1244,801873650,22205,801E3E890,1306.28,US Dollar,1306.28,US Dollar,Cheque,0,0.00012077144199626745
2022/09/04 05:47,410,8002F2E40,20,8009E8BB0,12777.18,Euro,12777.18,Euro,Credit Card,0,0.0017891381832179465
2022/09/07 08:01,1292,8010D3D90,14077,804000390,29278.07,US Dollar,29278.07,US Dollar,Credit Card,0,0.0001067264184768542
2022/09/02 06:47,226951,80B3195F0,222363,80DB4D470,421.63,US Dollar,421.63,US Dollar,Cheque,0,9.944301988983644e-05
2022/09/10 02:46,7548,8040AE4F0,115915,80C136480,2232050.16,US Dollar,2232050.16,US Dollar,ACH,1,0.02985032277042511
2022/09/07 04:48,70,100428660,12719,80117A910,498.1,US Dollar,498.1,US Dollar,Cheque,0,0.004421318352727086
2022/09/02 02:50,31373,803760480,9129,80375FF60,331.14,US Dollar,331.14,US Dollar,Cash,0,0.00022311193300933793
2022/09/09 15:54,70,100428660,22205,805A8FFC0,10083.59,US Dollar,10083.59,US Dollar,Credit Card,0,0.005393604196273509
2022/09/01 18:25,137002,813760340,15723,8137607F0,2295.24,US Dollar,2295.24,US Dollar,ACH,1,0.02985032277042511
2022/09/07 12:42,148016,811F4AF40,18511,80C813A70,6956.93,US Dollar,6956.93,US Dollar,ACH,1,0.02833251527025008
2022/09/02 00:28,33178,8032A0900,5836,80329FB70,112.93,US Dollar,112.93,US Dollar,ACH,0,0.021658463628954877
2022/09/04 10:53,27,80CA50CE0,11107,805E124A0,4442.25,US Dollar,4442.25,US Dollar,ACH,1,0.04843221546280537
2022/09/01 17:44,15964,8023C74B0,1655,80B50C600,374.28,Euro,374.28,Euro,Credit Card,0,0.00022311193300933793
2022/09/05 05:00,210261,80404A750,210690,8040FB1C0,106412.58,Yen,106412.58,Yen,Credit Card,0,1.0569930661254862e-05
2022/09/06 23:21,3489,807613C60,18460,80F2CD340,9563.26,Euro,9563.26,Euro,Credit Card,0,0.0001320588994628877
2022/09/06 03:49,1198,80FD26790,113,80FD357D0,5632.27,Shekel,5632.27,Shekel,Cheque,0,1.0569930661254862e-05
2022/09/02 00:26,19723,8047DA590,21381,80BC71990,972.23,Yuan,972.23,Yuan,Credit Card,0,0.0006547250703412115
2022/09/09 20:42,70,100428660,21611,800AC1650,4538.18,US Dollar,4538.18,US Dollar,Credit Card,0,0.004421318352727086
2022/09/01 14:11,3144,80A539F50,3144,80A539F50,88069.64,US Dollar,88069.64,US Dollar,Reinvestment,0,0.0027892099354534217
2022/09/01 00:10,22,800232B60,16847,802F26F50,156748.22,Euro,156748.22,Euro,Cheque,0,0.00012077144199626745
2022/09/01 21:39,122055,80911A070,122055,80911A070,9.4,Canadian Dollar,9.4,Canadian Dollar,Reinvestment,0,0.001271402435278388
2022/09/06 18:27,20248,810E6EDC0,29794,81344ECD0,60.81,Euro,60.81,Euro,Cheque,0,0.0001067264184768542
2022/09/09 20:33,21,80382EAD0,21,801FB15B0,8942.21,Yen,8942.21,Yen,Cash,0,0.0006547250703412115
2022/09/04 21:42,70,100428A51,153706,81455BBE1,0.020206,Bitcoin,0.020206,Bitcoin,Bitcoin,0,0.006338647999196085
2022/09/01 00:15,20486,8138AD6D0,222268,8138A3130,3421.0,UK Pound,3421.0,UK Pound,ACH,0,0.0091540586814254
2022/09/07 15:55,2627,8013028A0,2627,8013028A0,16852.38,Euro,19747.34,US Dollar,ACH,0,0.008097788940962379
2022/09/07 16:56,795,8009802B0,18617,80AA67F30,204.35,US Dollar,204.35,US Dollar,Credit Card,0,0.0001067264184768542
2022/09/03 05:35,18067,802FF48A0,19477,80CC10730,757.03,Yuan,757.03,Yuan,ACH,0,0.027359510248371164
2022/09/07 05:17,22758,8027130A0,14277,80590C950,595.46,Euro,595.46,Euro,Cheque,0,0.0006547250703412115
2022/09/09 07:35,329184,80AAC0B40,28237,80AAC0CD0,174.57,Australian Dollar,174.57,Australian Dollar,Cash,0,0.007377590177964014
2022/09/05 20:57,21575,806A526F1,11474,807AF8DE1,0.010092,Bitcoin,0.010092,Bitcoin,Bitcoin,0,0.002827506193829425
2022/09/13 12:10,14381,805C69E20,225263,80E6BFD50,958.79,US Dollar,958.79,US Dollar,ACH,1,0.03520051500479217
2022/09/08 06:21,36868,80D889B80,235509,80D889BD0,7382.94,Brazil Real,7382.94,Brazil Real,ACH,1,0.0091540586814254
2022/09/04 19:24,23691,802EBD3D0,23691,803959FF0,31.24,Euro,31.24,Euro,Cheque,0,0.005178344656527337
2022/09/09 00:04,139793,80EE34890,239692,80FA3C030,172.97,Swiss Franc,172.97,Swiss Franc,Credit Card,0,0.0001067264184768542
2022/09/06 11:31,13078,804D8F870,113523,805239910,8212.55,Rupee,8212.55,Rupee,Cheque,0,0.00012077144199626745
2022/09/03 11:20,220,8076D7890,220,8076D7890,522.04,Euro,611.71,US Dollar,ACH,0,0.006338647999196085
2022/09/09 11:32,12,8001F7C90,1665,8005F7780,148.07,US Dollar,148.07,US Dollar,Cash,0,0.00022311193300933793
2022/09/01 14:11,15916,80644F610,29292,80DAD8610,6525.41,US Dollar,6525.41,US Dollar,ACH,0,0.020926742790139313
2022/09/02 20:04,3227,80120EF40,22806,80120F170,40.85,Euro,40.85,Euro,Cheque,0,0.00012077144199626745
2022/09/02 09:56,23525,801C18590,1501,80AB96210,279.92,Euro,279.92,Euro,Cash,0,0.0009258418971884515
2022/09/09 04:14,11852,800B98290,11,807238E20,77.52,Euro,77.52,Euro,Cash,0,0.0001067264184768542
2022/09/09 00:41,27,80BD35030,12,80C047240,4149.25,Mexican Peso,4149.25,Mexican Peso,Cheque,0,0.0001067264184768542
2022/09/08 22:54,795,801038FE0,15055,8069B3C90,18.84,Euro,18.84,Euro,Cash,0,0.00022311193300933793
2022/09/01 05:46,22758,801844A80,117660,80A62A330,2394.41,Euro,2394.41,Euro,Cheque,0,0.0004762818878157548
2022/09/10 03:39,513,800342B20,11474,802DCDDE0,1458.07,US Dollar,1458.07,US Dollar,Credit Card,0,0.0001067264184768542
2022/09/05 14:50,213,80C969AD0,27,80C9E1610,3204.88,Mexican Peso,3204.88,Mexican Peso,Cheque,0,0.0001067264184768542
2022/09/01 20:59,20,800061190,225589,80BF4BE70,3980.72,Euro,3980.72,Euro,Credit Card,0,0.0006547250703412115
2022/09/01 09:32,20,8001ACFF0,12,8001B2E40,47071.65,Euro,47071.65,Euro,Cheque,0,0.0005195500035732644
2022/09/01 22:19,317776,811AA39D0,317776,811AA39D0,1370.59,Euro,1370.59,Euro,Reinvestment,0,0.0027892099354534217
2022/09/03 10:02,210,8096FDB40,225454,809E6A4D0,23996.36,Canadian Dollar,23996.36,Canadian Dollar,Cash,0,0.0004762818878157548
2022/09/06 01:32,43049,8101C0670,44451,8108D4110,12893.61,Shekel,12893.61,Shekel,Cheque,0,1.0569930661254862e-05
2022/09/02 10:35,21575,800F7EB90,9129,80DAB30A0,42156.46,US Dollar,42156.46,US Dollar,Cheque,0,0.0002608394516838946
2022/09/13 07:17,20,8001C97D0,23,8001B8810,15783.57,Euro,15783.57,Euro,ACH,1,0.04843221546280537
2022/09/09 05:13,222,811D80C30,118,811B9B110,17644.15,Saudi Riyal,17644.15,Saudi Riyal,ACH,1,0.04843221546280537
2022/09/10 07:33,70,100428660,218438,80B3B4520,438.54,US Dollar,438.54,US Dollar,Cheque,0,0.005393604196273509
2022/09/02 05:16,221032,808F15230,11,80DCFCEA0,874284.02,Euro,874284.02,Euro,Cheque,0,0.0002608394516838946
2022/09/03 06:44,127593,80ACEFEC0,28416,80AD54570,134.22,Australian Dollar,134.22,Australian Dollar,ACH,0,0.018185124099604693
2022/09/08 00:23,26580,806962260,241704,810A68940,40.65,Euro,40.65,Euro,Credit Card,0,0.0001067264184768542
2022/09/02 02:20,320180,80EF86530,19740,80EF86490,3560.59,Yuan,3560.59,Yuan,Cheque,0,0.0002608394516838946
2022/09/07 21:08,210185,80443C850,10656,8045050D0,156332.3,Yen,156332.3,Yen,ACH,0,0.04048595461619305
2022/09/01 22:10,220504,808105BA0,220504,808105BA0,42858.58,UK Pound,42858.58,UK Pound,Reinvestment,0,0.001271402435278388
2022/09/01 07:08,135155,80D8110B0,134976,80D811100,168874.38,Brazil Real,168874.38,Brazil Real,Cheque,1,0.0003654369703662241
2022/09/01 00:03,1547,800D51B00,1547,800D51B00,14.47,Euro,14.47,Euro,Reinvestment,0,0.0019564645675857915
2022/09/06 13:25,210431,8047174A0,23691,812E5B2B0,1089.13,Euro,1089.13,Euro,Cheque,0,0.0004818224848987078
2022/09/01 00:14,11904,80258B100,2454,812F102E0,33625.4,US Dollar,33625.4,US Dollar,Cheque,0,0.00022311193300933793
2022/09/10 10:56,1024,800B7FC60,218897,808319850,499.95,Euro,499.95,Euro,Cheque,0,0.0002608394516838946
2022/09/06 02:40,70,100428660,513,805235490,10034.05,US Dollar,10034.05,US Dollar,Cheque,1,0.0034657391969300866
2022/09/07 16:05,17861,807986D70,113060,807FC9740,72.05,Euro,72.05,Euro,Credit Card,0,0.0004762818878157548
2022/09/07 22:21,70,100428930,36868,80D912640,35708.64,Brazil Real,35708.64,Brazil Real,Cash,0,0.0020478487351073163
2022/09/09 15:19,311010,804115560,110057,804115780,13353.61,Yen,13353.61,Yen,ACH,0,0.03349445748688918
2022/09/03 00:15,154605,81486BBB1,124,8142B97B1,0.03027,Bitcoin,0.03027,Bitcoin,Bitcoin,0,0.0036561644822195164
2022/09/10 23:53,2053,801F76ED0,28827,8037B2640,1216.44,US Dollar,1216.44,US Dollar,Cash,0,0.001271402435278388
2022/09/01 00:11,235878,81057B030,27564,81244F5F0,912.75,US Dollar,912.75,US Dollar,Cheque,0,0.0003654369703662241
2022/09/07 19:56,22,80B6B28E0,8074,80B843B50,61.19,Euro,61.19,Euro,Cash,0,0.0001067264184768542
2022/09/11 18:55,231706,80DD5E610,14099,80FBE30B0,16379.03,US Dollar,16379.03,US Dollar,ACH,1,0.04843221546280537
2022/09/02 19:29,21575,80491D7A0,1665,80491D7F0,4333.05,US Dollar,4333.05,US Dollar,ACH,1,0.018412286933403126
2022/09/02 00:24,3655,801FD7360,13057,8059E95C0,115.18,Euro,115.18,Euro,Cheque,0,0.0001067264184768542
2022/09/03 00:24,17246,8070DC740,5394,805B68650,116.67,US Dollar,116.67,US Dollar,Credit Card,0,0.0001067264184768542
2022/09/01 00:06,1601,800F76590,1601,800F76590,1695.39,US Dollar,1695.39,US Dollar,Reinvestment,0,0.0004762818878157548
2022/09/01 00:02,27140,8069DB260,27140,8069DB260,115826.42,Euro,115826.42,Euro,Reinvestment,0,0.0019564645675857915
2022/09/11 08:12,7478,8057C54A0,19888,8079DDC30,6405.11,US Dollar,6405.11,US Dollar,ACH,1,0.04843221546280537
2022/09/03 23:48,23,8014DD1D0,12513,80236AB00,1236.79,Euro,1236.79,Euro,Credit Card,0,0.001271402435278388
2022/09/06 00:18,25075,80F1E0120,8771,80C6F48A0,10840.57,US Dollar,10840.57,US Dollar,ACH,1,0.007377590177964014
2022/09/01 15:53,49750,812FC9990,49750,812FC9990,1178.93,US Dollar,1178.93,US Dollar,Reinvestment,0,0.0027892099354534217
2022/09/01 02:18,239692,80EA93ED0,241636,80F482F20,970.74,Swiss Franc,970.74,Swiss Franc,Cash,0,0.0001067264184768542
2022/09/05 22:49,1853,80DA46EA0,12893,80DA48560,1919.29,US Dollar,1919.29,US Dollar,ACH,1,0.0158839164496336
2022/09/08 01:24,11657,802E92120,1024,80B51EE90,5326.53,Euro,5326.53,Euro,Credit Card,0,0.00030245551151356076
2022/09/04 09:28,10656,803EB4900,15,803ECE530,505617.94,Yen,505617.94,Yen,ACH,1,0.046543607103582824
2022/09/01 01:53,24515,80D34AE90,24515,80D34AE90,1613.58,US Dollar,1613.58,US Dollar,Reinvestment,0,0.0009258418971884515
2022/09/09 09:32,29,80CF0F640,134939,80CF2C1E0,13590.1,Brazil Real,13590.1,Brazil Real,Credit Card,0,0.00022971390078605234
2022/09/07 06:09,112,80E891140,238190,80E9BD140,36.39,Swiss Franc,36.39,Swiss Franc,ACH,0,0.0277158379053129
2022/09/05 08:17,239692,80F509740,39678,80F523260,920.59,Swiss Franc,920.59,Swiss Franc,ACH,1,0.043966831638586924
2022/09/05 01:05,120292,8082B35B0,212,8085D2030,1464.88,UK Pound,1464.88,UK Pound,Cheque,0,0.0001067264184768542
2022/09/08 19:37,70,1004286F0,18067,803899D40,2110040.91,Yuan,2110040.91,Yuan,Cash,0,0.0013999128531849553
2022/09/10 08:20,27755,80AD54340,28094,80AD544D0,952.52,Australian Dollar,952.52,Australian Dollar,ACH,1,0.041486026368428526
2022/09/09 19:54,2915,800611420,22,800D76CF0,7940.88,Euro,7940.88,Euro,Credit Card,0,0.0013999128531849553
2022/09/08 18:50,21258,8040DC2D0,110603,8040DC320,4917.8,US Dollar,4917.8,US Dollar,ACH,1,0.026068865581994564
2022/09/04 11:51,16788,803520BA0,135981,80F984C70,2053.1,US Dollar,2053.1,US Dollar,ACH,1,0.04843221546280537
2022/09/01 23:24,70,100428660,217680,80E13B0E0,69.33,US Dollar,69.33,US Dollar,Cash,0,0.004143931266928089
2022/09/03 22:42,23538,80D018930,222363,80D018D90,37314.94,US Dollar,37314.94,US Dollar,ACH,1,0.04843221546280537
2022/09/01 22:12,16,805698E60,3,81223C870,6213459.65,Rupee,6213459.65,Rupee,Cash,0,0.0027892099354534217
2022/09/02 20:16,32753,80D409500,223641,80D408BF0,377.31,Euro,377.31,Euro,Credit Card,0,0.00030245551151356076
2022/09/05 11:21,223,8119F8CC0,222,811D80C30,56544.74,Saudi Riyal,56544.74,Saudi Riyal,ACH,1,0.04843221546280537
2022/09/08 21:02,24922,80930AC10,125575,8099C80E0,17.53,Canadian Dollar,17.53,Canadian Dollar,Credit Card,0,0.0001067264184768542
2022/09/17 00:03,118,811B6E170,223,811B9B160,48801.01,Saudi Riyal,48801.01,Saudi Riyal,ACH,1,0.04843221546280537
2022/09/06 16:52,70,100428660,1688,800704A30,7093.06,US Dollar,7093.06,US Dollar,Cheque,1,0.006338647999196085
2022/09/08 12:52,27637,80A3EF0D0,19740,8047B9AD0,32669.58,Yuan,32669.58,Yuan,ACH,1,0.041486026368428526
2022/09/08 03:12,11402,804496DE0,11128,804493980,321765.68,Yen,321765.68,Yen,ACH,0,0.02098097398573334
2022/09/08 13:45,70,1004286A8,22775,8015870E0,86.1,Euro,86.1,Euro,Credit Card,0,0.003153140670571128
2022/09/11 17:42,25075,802873390,33884,80CB568B0,296075.66,Mexican Peso,296075.66,Mexican Peso,ACH,1,0.04759947009493774
2022/09/09 09:34,321729,812CA4A40,122405,812CA4230,1606.11,UK Pound,1606.11,UK Pound,Credit Card,0,0.0001067264184768542
2022/09/08 20:25,123612,808B09FB0,222773,808B176A0,45.01,UK Pound,45.01,UK Pound,ACH,0,0.015925532509463266
2022/09/02 17:55,122055,8091B5060,26174,809E6C600,34.71,Canadian Dollar,34.71,Canadian Dollar,Credit Card,0,0.0001320588994628877
2022/09/07 05:29,70,100428A08,248857,811D5F740,457.64,Saudi Riyal,457.64,Saudi Riyal,Cash,1,0.0006547250703412115
2022/09/05 01:51,5464,804E93010,119880,80A039050,1025.51,Euro,1025.51,Euro,Cheque,0,1.0569930661254862e-05
2022/09/07 03:17,70,100428A51,152627,813C7BEE1,0.004127,Bitcoin,0.004127,Bitcoin,Bitcoin,0,0.004475279960931114
2022/09/02 03:52,18902,8053EC960,9482,807CC1290,4038.48,US Dollar,4038.48,US Dollar,Cheque,0,0.0001067264184768542
2022/09/09 04:02,343388,810C61C50,44565,810C551E0,1076.03,Shekel,1076.03,Shekel,ACH,0,0.00901517493637892
2022/09/09 14:40,1522,8009C77C0,26024,802DB2F60,17264.67,US Dollar,17264.67,US Dollar,Cheque,0,0.00022311193300933793
2022/09/09 11:21,49365,812A09D40,119,812A09CF0,51319.73,Saudi Riyal,51319.73,Saudi Riyal,ACH,1,0.04843221546280537
2022/09/09 15:10,1457,8019903F0,11030,80DE6EF90,42.65,US Dollar,42.65,US Dollar,Cheque,0,0.0001320588994628877
2022/09/05 10:29,115249,8086C36E0,18819,80989BD30,2110.47,US Dollar,2110.47,US Dollar,Credit Card,0,0.0001067264184768542
2022/09/05 02:16,4726,810EA38E0,35925,810EA3930,3708.81,US Dollar,3708.81,US Dollar,ACH,1,0.01572980341642656
2022/09/07 12:02,210319,803CC8F60,25866,80E27AA10,12754.41,Euro,12754.41,Euro,ACH,1,0.04820505262900694
2022/09/01 02:17,11657,800B96740,11657,800B96740,18.62,Euro,18.62,Euro,Reinvestment,0,0.00022311193300933793
2022/09/06 10:03,1674,8055105D0,19329,805510670,3435.65,US Dollar,3435.65,US Dollar,ACH,1,0.03322334066004194
2022/09/06 13:45,124,800052021,124,8136D1DB1,0.163953,Bitcoin,0.163953,Bitcoin,Bitcoin,0,0.002711120679296941
2022/09/06 14:09,22,80027F7A0,410,800240B70,12290.79,Euro,12290.79,Euro,ACH,1,0.04820505262900694
2022/09/07 16:15,21940,800E2B1C0,5836,805A76E60,27.56,US Dollar,27.56,US Dollar,Cheque,0,0.0001067264184768542
2022/09/02 02:43,332911,80D02D360,233580,80D02D270,107.61,US Dollar,107.61,US Dollar,Cheque,0,0.0001067264184768542
2022/09/01 06:31,14011,80681D590,38713,8110EA3F0,202.86,Euro,202.86,Euro,Credit Card,0,0.0001067264184768542
2022/09/10 00:24,243897,810054460,43049,81066A6C0,70.08,Shekel,70.08,Shekel,Credit Card,0,0.0001067264184768542
2022/09/06 23:43,144225,810EC7DC0,45279,810EC8490,5545.76,Shekel,5545.76,Shekel,ACH,1,0.00669252804565661
2022/09/09 08:40,21387,8044766F0,150580,812FFA850,1958.5,Euro,1958.5,Euro,Credit Card,0,0.00012077144199626745
2022/09/08 01:19,70,1004286A8,5464,812BB3EB0,40.66,Euro,40.66,Euro,Cheque,0,0.004143931266928089
2022/09/08 21:41,12381,80338D890,132923,80E3BEEE0,376854.84,US Dollar,376854.84,US Dollar,Cheque,0,0.00012077144199626745
2022/09/02 07:32,118,80004ECC0,137218,80E60F900,506.52,Swiss Franc,506.52,Swiss Franc,ACH,0,0.018185124099604693
2022/09/01 01:42,9665,80A3D4970,9665,80A3D4970,1349.81,Yen,1349.81,Yen,Reinvestment,0,0.0002608394516838946
2022/09/09 08:43,32401,801BA0910,23525,801B95B80,165.66,Euro,165.66,Euro,Credit Card,0,0.00012077144199626745
2022/09/01 08:11,21611,8077E2B10,21611,8077E2B10,16.64,US Dollar,16.64,US Dollar,Reinvestment,0,0.0027892099354534217
2022/09/09 04:58,10,8005F0660,15747,80F95BC50,7225.51,US Dollar,7225.51,US Dollar,ACH,1,0.016894479433228093
2022/09/06 22:05,70,100428738,15,803851A50,41467.89,Yen,41467.89,Yen,Cheque,0,0.0003654369703662241
2022/09/09 05:45,21745,80482E150,8823,80B4F2DC0,4292.34,Euro,4292.34,Euro,Cheque,0,0.00012077144199626745
2022/09/07 18:44,17554,80665AD30,17491,8070434E0,26781173.42,Ruble,26781173.42,Ruble,Cheque,0,0.00014550508631540194
2022/09/01 04:03,13029,80589B4A0,113523,8059B0870,2886012.51,Rupee,2886012.51,Rupee,Wire,0,0.0001067264184768542
2022/09/02 22:14,1411,800A52890,20898,80C25A270,2944.89,US Dollar,2944.89,US Dollar,Credit Card,0,0.0004762818878157548
2022/09/06 23:08,154605,8147B6F41,255772,8147BF0F1,0.001482,Bitcoin,0.001482,Bitcoin,Bitcoin,0,0.004025719951558418
2022/09/01 00:09,235509,80CE48B20,110,80D5E6E00,355.79,Brazil Real,355.79,Brazil Real,Credit Card,0,1.0569930661254862e-05
2022/09/07 02:18,1669,801B2CE70,13554,80AB9FCC0,34.35,Euro,34.35,Euro,Cheque,0,9.944301988983644e-05
2022/09/07 12:13,9129,80D1D8300,11899,8106C2EC0,5299.3,US Dollar,5299.3,US Dollar,Cheque,0,0.0001320588994628877
2022/09/05 20:11,15231,809740250,23344,812214E00,765.79,Euro,765.79,Euro,Cheque,0,0.0004762818878157548
2022/09/09 21:29,70,100428660,1853,80312ACC0,3571.72,US Dollar,3571.72,US Dollar,Cheque,0,0.004421318352727086
2022/09/03 02:01,70,1004286A8,17769,804970980,668.36,Euro,668.36,Euro,Cash,1,0.0034657391969300866
2022/09/02 21:38,36168,80C099D70,130637,80C0992B0,142.14,US Dollar,142.14,US Dollar,Cash,0,0.0013675636676132382
2022/09/08 07:08,70,100428660,23402,8022AA470,2351.6,US Dollar,2351.6,US Dollar,Cheque,0,0.004143931266928089
2022/09/06 07:20,212818,804A93050,3,805FE8100,12229.1,Rupee,12229.1,Rupee,Cheque,0,0.00012077144199626745
2022/09/04 13:08,1522,800D76B00,21918,80190A550,3249.57,Euro,3249.57,Euro,Credit Card,0,0.0027892099354534217
2022/09/02 04:12,70,1004286F0,4,803575270,14107.22,Yuan,14107.22,Yuan,Cash,0,0.0006547250703412115
2022/09/03 12:38,70,1004288A0,28222,80B701210,23125.21,Australian Dollar,23125.21,Australian Dollar,Cheque,1,0.0010347843559782364
2022/09/03 17:50,70,100428660,1411,8104722C0,1494.0,US Dollar,1494.0,US Dollar,Cheque,1,0.005393604196273509
2022/09/06 00:09,1502,80DECA6B0,1669,80DEC6610,2069.44,Euro,2069.44,Euro,ACH,0,0.015846188930959043
2022/09/02 13:10,28222,80A7FB850,15,80AD71660,4882.18,Australian Dollar,4882.18,Australian Dollar,Cheque,0,0.0013999128531849553
2022/09/02 21:06,210,8094A3AE0,25113,8094EA440,214.88,Canadian Dollar,214.88,Canadian Dollar,Wire,0,0.0004762818878157548
2022/09/06 01:50,1588,800A93050,11813,806B93860,154.03,US Dollar,154.03,US Dollar,Cheque,0,1.0569930661254862e-05
2022/09/08 06:45,24840,8080B9530,7195,80C973930,23.48,Euro,23.48,Euro,Credit Card,0,0.0001067264184768542
2022/09/01 04:25,1412,80242A550,1467,80242A160,3471.25,US Dollar,3471.25,US Dollar,ACH,0,0.0037725499967520004
2022/09/01 12:07,1,802AD4170,17753,80A3612A0,86358.68,US Dollar,86358.68,US Dollar,Cash,0,0.0006935037381797592
2022/09/06 08:22,13264,80C208360,23842,8017D32A0,5044.93,US Dollar,5044.93,US Dollar,ACH,1,0.02833251527025008
2022/09/07 04:10,70,1004286A8,3514,802695C50,79.06,Euro,79.06,Euro,Credit Card,1,0.0034657391969300866
2022/09/04 07:02,70,100428A51,15,813A83061,0.099573,Bitcoin,0.099573,Bitcoin,Bitcoin,0,0.008210335545831645
2022/09/01 00:16,43460,8101B7510,43460,8101B7510,402.88,Shekel,402.88,Shekel,Reinvestment,0,0.0004762818878157548
2022/09/09 19:16,1124,8007025F0,122080,80EFE0000,10.69,US Dollar,10.69,US Dollar,ACH,0,0.02675392771430197
2022/09/09 16:11,338475,80E4C21A0,238845,80E4C8AC0,37.75,Swiss Franc,37.75,Swiss Franc,ACH,0,0.027586673082169597
2022/09/01 00:23,29435,80D955F40,29435,80D955F40,2507.41,Euro,2507.41,Euro,Reinvestment,0,0.0002608394516838946
2022/09/06 02:34,18067,803007E10,14,8031E1140,259.56,Yuan,259.56,Yuan,Credit Card,0,0.0001067264184768542
2022/09/10 14:39,13858,8030CB470,17769,80317AC30,3403954.38,Euro,3403954.38,Euro,Cash,0,0.0006547250703412115
2022/09/02 09:24,70,1004286A8,14329,806E67B10,150.63,Euro,150.63,Euro,Cheque,0,0.006338647999196085
2022/09/04 03:05,238845,80E296D70,38478,80E43A0F0,911.52,Swiss Franc,911.52,Swiss Franc,Credit Card,0,0.0004762818878157548
2022/09/05 14:11,1267,800E00D50,1267,800E00D50,66.07,US Dollar,442.49,Yuan,ACH,0,0.041486026368428526
2022/09/03 12:25,11296,8057C8C60,14433,8057C8ED0,1951.16,US Dollar,1951.16,US Dollar,ACH,1,0.04653292964103101
2022/09/05 17:49,13345,802C2D090,2467,8068A8F20,2493.29,Euro,2493.29,Euro,Cheque,0,0.00021566887726663908
2022/09/06 19:04,12,80010E130,20,800275570,219.32,Euro,219.32,Euro,Cheque,0,0.0001067264184768542
2022/09/02 17:33,319335,807048A80,116425,807046A50,11629.99,Ruble,11629.99,Ruble,Cheque,0,0.001380344894068173
2022/09/08 01:25,12,80030DEF0,131167,8128D3CA0,401.93,Euro,401.93,Euro,Cheque,0,0.0001067264184768542
2022/09/01 12:09,11471,80141E5E0,10,8029C98C0,7940.11,US Dollar,7940.11,US Dollar,Credit Card,0,0.00012077144199626745
2022/09/09 13:01,20,80016A6A0,23,8002BCFF0,14053.59,Euro,14053.59,Euro,ACH,1,0.04843221546280537
2022/09/02 19:30,18196,80AC62820,30416,812D290A0,106.0,Yuan,106.0,Yuan,Wire,0,0.0009006015762308751
2022/09/09 01:44,12381,8013CCA60,13184,804F91B80,6237716.71,Rupee,6237716.71,Rupee,Credit Card,0,0.0001067264184768542
2022/09/01 00:09,343239,81055DBE0,343239,81055DBE0,7004.86,Shekel,7004.86,Shekel,Reinvestment,0,0.0001067264184768542
2022/09/02 18:59,2915,800D6D810,8888,8048DD550,21469.71,Euro,21469.71,Euro,Credit Card,0,0.0004762818878157548
2022/09/06 10:10,2591,801D87240,2591,801D87240,2087.57,US Dollar,1781.53,Euro,ACH,0,0.010671866181600435
2022/09/02 06:33,1412,800DD6C30,15916,8093255A0,894.6,US Dollar,894.6,US Dollar,Cheque,0,0.0001320588994628877
2022/09/12 19:14,214749,805DB7F20,219449,80A37E600,4682.39,Euro,4682.39,Euro,ACH,1,0.04570018427316338
2022/09/12 11:04,119,8000DB3C0,223,811A65E30,15008.58,Saudi Riyal,15008.58,Saudi Riyal,ACH,1,0.047042918380536904
2022/09/08 21:33,19,8098800F0,19,8099C1640,1486290.54,Canadian Dollar,1486290.54,Canadian Dollar,Cash,0,0.0027892099354534217
2022/09/07 15:48,1490,8026E3070,1299,809A217C0,109.0,Euro,109.0,Euro,Credit Card,0,0.0004762818878157548
2022/09/02 08:10,1688,80AC93A30,236684,80D7F5060,2791.87,US Dollar,2791.87,US Dollar,Cheque,0,0.00012077144199626745
2022/09/04 15:48,21174,800737690,11056,8007486D0,15224.53,Euro,15224.53,Euro,ACH,1,0.04843221546280537
2022/09/02 04:52,18460,80696ECD0,17649,80696EE10,2562.17,Euro,2562.17,Euro,ACH,1,0.027586673082169597
2022/09/04 20:49,14,80FD68F90,142836,80FDAE660,196.36,Shekel,196.36,Shekel,Cheque,0,0.0006547250703412115
2022/09/01 00:11,125699,80F9061A0,125699,80F9061A0,23.78,US Dollar,23.78,US Dollar,Reinvestment,0,0.00012077144199626745
2022/09/01 00:03,1124,8066B44D0,18324,809BCD300,525328.16,US Dollar,525328.16,US Dollar,Cheque,0,0.0001067264184768542
2022/09/09 21:57,148350,811F15F20,148348,811F36720,52031.85,Saudi Riyal,52031.85,Saudi Riyal,Cheque,0,0.0004762818878157548
2022/09/15 12:41,213952,80794B6F0,3149,80E4B13E0,14660.46,US Dollar,14660.46,US Dollar,ACH,1,0.021234143940539754
2022/09/06 09:07,211164,80C286FB0,18428,80C51E690,112.85,Euro,112.85,Euro,ACH,0,0.047042918380536904
2022/09/09 14:49,70,100428660,2952,806D37450,737.24,US Dollar,737.24,US Dollar,Cheque,1,0.005393604196273509
2022/09/04 07:41,215186,805CB81B0,13078,805CAE700,174679.23,Rupee,174679.23,Rupee,ACH,0,0.04759947009493774
2022/09/07 09:54,4866,802E616D0,44041,811737010,56.19,US Dollar,56.19,US Dollar,Cheque,0,1.0569930661254862e-05
2022/09/01 22:44,12963,8068B46D0,31720,810A98130,50.74,Euro,50.74,Euro,Credit Card,0,0.00022311193300933793
2022/09/10 00:16,1267,800B69F30,9417,803719D70,2255.66,Yuan,2255.66,Yuan,Cheque,0,0.0002608394516838946
2022/09/01 00:22,210,80009E120,24856,809612120,28302.56,Canadian Dollar,28302.56,Canadian Dollar,Credit Card,0,1.0569930661254862e-05
2022/09/01 08:24,210,8090AAC90,210,8090AAC90,1699.91,Canadian Dollar,1699.91,Canadian Dollar,Reinvestment,0,0.0004762818878157548
2022/09/01 16:23,16871,8080031F0,27616,80818A100,68442.11,Euro,68442.11,Euro,ACH,0,0.04759947009493774
2022/09/01 12:30,16,805CAD3F0,115642,805CAD530,148821.3,Rupee,148821.3,Rupee,ACH,1,0.02354707198817742
2022/09/03 21:27,12979,80D9A9270,24941,809DC9020,22406.35,Canadian Dollar,22406.35,Canadian Dollar,ACH,1,0.02354707198817742
2022/09/09 03:26,12,80021A4C0,15980,80601F5B0,19.07,US Dollar,19.07,US Dollar,Cash,0,0.0001067264184768542
2022/09/09 19:32,27444,807DD2780,20898,80A52CD10,42500.26,US Dollar,42500.26,US Dollar,Cheque,0,0.0006547250703412115
2022/09/09 07:03,70,100428780,6,804D50500,75553.49,Rupee,75553.49,Rupee,Credit Card,1,0.0003320543917991228
2022/09/08 02:56,11852,801FDBE70,24144,801FDBEC0,4079.01,Euro,4079.01,Euro,ACH,1,0.0037725499967520004
2022/09/06 00:38,11974,8066E2C20,5394,8077061B0,7333.43,US Dollar,7333.43,US Dollar,Cheque,0,0.0003654369703662241
2022/09/13 19:05,18617,8073E7BB0,225263,80E6BFD50,5105.07,US Dollar,5105.07,US Dollar,ACH,1,0.04843221546280537
2022/09/09 19:59,70,1004286A8,5425,805EC2040,14053.42,Euro,14053.42,Euro,Cheque,0,0.005393604196273509
2022/09/07 15:25,17610,804F6B9F0,1665,8082167C0,159.06,Euro,159.06,Euro,Cheque,0,0.00022311193300933793
2022/09/05 15:18,3698,805FF0D40,5394,8065F21B0,2866.84,US Dollar,2866.84,US Dollar,Cheque,0,0.0013298848044610756
2022/09/01 19:55,12,800354AF0,1669,802D64820,131.17,Euro,131.17,Euro,Cheque,0,0.0001067264184768542
2022/09/03 08:11,48211,811C2D390,118,811C2D3E0,90481.06,Saudi Riyal,90481.06,Saudi Riyal,ACH,1,0.04843221546280537
2022/09/01 00:22,1665,801C99DE0,122094,80BB54630,14839.76,Euro,14839.76,Euro,Cash,0,0.0001320588994628877
2022/09/07 13:14,224866,80D151C70,224555,80A6536E0,1827.14,Euro,1827.14,Euro,ACH,1,0.018412286933403126
2022/09/01 00:11,24779,8090913F0,24779,8090913F0,8.57,Canadian Dollar,8.57,Canadian Dollar,Reinvestment,0,0.0001067264184768542
2022/09/09 17:08,33091,806D1B3A0,19535,806D1FE30,554.71,US Dollar,554.71,US Dollar,Cheque,0,0.0002996181195224424
2022/09/09 01:13,210,80009C160,8,80814EE90,51.99,Canadian Dollar,51.99,Canadian Dollar,Wire,0,9.944301988983644e-05
2022/09/09 00:23,16649,8061AC7B0,116781,806221850,3447.52,Ruble,3447.52,Ruble,Credit Card,0,0.00012077144199626745
2022/09/01 00:54,23370,808AB9830,23370,808AB9830,11.4,UK Pound,11.4,UK Pound,Reinvestment,0,0.00022311193300933793
2022/09/07 17:11,132306,80C2FE020,117453,80C2FE070,360.81,US Dollar,360.81,US Dollar,ACH,1,0.021658463628954877
2022/09/05 15:45,70,1004286A8,11852,8014BB7B0,9310.23,Euro,9310.23,Euro,Cheque,0,0.0034657391969300866
2022/09/01 00:04,120627,812EB6350,120627,812EB6350,1311.02,US Dollar,1311.02,US Dollar,Reinvestment,0,0.0013675636676132382
2022/09/02 06:31,211212,8075FD4D0,211212,8075FD4D0,395642.04,Euro,463606.8,US Dollar,ACH,0,0.005505902631328454
2022/09/06 05:44,117907,80818B740,111141,80E41BE50,1157.68,Euro,1157.68,Euro,ACH,0,0.027537394722787444
2022/09/08 12:08,12,811D32F40,12,811D32F40,455.64,US Dollar,388.85,Euro,ACH,0,0.010671866181600435
2022/09/02 13:00,2053,8010B0790,6156,80329B720,14353.1,US Dollar,14353.1,US Dollar,Cheque,0,0.0001067264184768542
2022/09/01 00:08,2591,80FB971E0,2591,80FB971E0,3.46,Euro,3.46,Euro,Reinvestment,0,0.0006547250703412115
2022/09/03 07:18,7,8049CE030,3,804A96650,13106.76,Rupee,13106.76,Rupee,Cheque,0,0.00012077144199626745
2022/09/03 02:21,1665,800615A20,1,8006E0E80,49.93,US Dollar,49.93,US Dollar,Credit Card,0,0.0006547250703412115
2022/09/01 00:19,146122,8131131C0,146122,8131131C0,46.1,Euro,46.1,Euro,Reinvestment,0,0.0019564645675857915
2022/09/01 15:15,138335,80EE31240,40905,80F089D90,37294.89,Swiss Franc,37294.89,Swiss Franc,Cheque,0,0.0001320588994628877
2022/09/03 15:04,3242,802DA0B60,21575,802DA1A70,1580.64,US Dollar,1580.64,US Dollar,ACH,1,0.04759947009493774
2022/09/03 01:36,124,813753681,15,813D7B3E1,0.026187,Bitcoin,0.026187,Bitcoin,Bitcoin,0,0.0036561644822195164
2022/09/01 00:04,2947,807A67940,2947,807A67940,1715.27,US Dollar,1715.27,US Dollar,Reinvestment,0,0.0009006015762308751
2022/09/01 06:24,15,813E576A1,15,813E576A1,0.612362,Bitcoin,0.612362,Bitcoin,Bitcoin,0,0.0027251657028163545
2022/09/02 00:19,21575,8030FFBE0,6010,8030FFD20,639.84,US Dollar,639.84,US Dollar,ACH,1,0.018185124099604693
2022/09/02 14:45,11157,800D64F70,701,8022D1DE0,11998.78,US Dollar,11998.78,US Dollar,Cheque,0,0.0004762818878157548
2022/09/05 01:16,26302,809CD43C0,25534,809CD5510,744.53,Canadian Dollar,744.53,Canadian Dollar,ACH,1,0.04576377696934822
2022/09/05 00:02,118202,806B18890,10,80621F010,2862.32,Ruble,2862.32,Ruble,Credit Card,0,0.0001067264184768542
2022/09/05 16:05,23,80135EE10,25768,8027320B0,205.64,Euro,205.64,Euro,Credit Card,0,0.00012077144199626745
2022/09/09 00:07,8539,80DE20D10,234335,810066810,7607.21,Euro,7607.21,Euro,Credit Card,0,0.0004762818878157548
2022/09/08 22:26,70,1004286A8,27535,81113D790,28212.44,Euro,28212.44,Euro,Cash,0,0.002955903063170801
2022/09/05 06:03,14,8105DE990,245441,810A53200,422507.61,Shekel,422507.61,Shekel,Cheque,0,0.0001067264184768542
2022/09/08 22:34,70,100428660,1,801ABCE40,1298.86,US Dollar,1298.86,US Dollar,Cheque,0,0.004143931266928089
2022/09/06 21:17,137218,80E46AEC0,39775,80EA30B70,197.86,Swiss Franc,197.86,Swiss Franc,Credit Card,0,0.00012077144199626745
2022/09/02 11:32,138395,80E8DB8D0,238190,80F684920,17154983.76,Swiss Franc,17154983.76,Swiss Franc,Cheque,0,0.0004818224848987078
2022/09/02 07:40,9691,8038F7300,112078,81047C4B0,134.85,Yuan,134.85,Yuan,Cheque,0,0.00012077144199626745
2022/09/05 02:53,112989,804D61350,213005,804D64F10,92167.99,Rupee,92167.99,Rupee,ACH,1,0.029017577402557483
2022/09/06 14:31,1068,801155690,11405,8014F8C50,23522.53,US Dollar,23522.53,US Dollar,Cheque,0,0.0001067264184768542
2022/09/08 19:14,27288,805AF0650,14663,805AF1010,420.37,Euro,420.37,Euro,ACH,1,0.041486026368428526
2022/09/01 15:14,238845,80E4F3760,142155,80FAEC5A0,671447.04,Swiss Franc,671447.04,Swiss Franc,Cheque,0,0.0001595501098348152
2022/09/07 14:49,17120,806398490,18405,806C94900,212126.25,Ruble,212126.25,Ruble,Credit Card,0,0.0006547250703412115
2022/09/10 15:44,3881,8027889A0,220888,808D13090,189.53,Euro,189.53,Euro,Cheque,0,0.0009006015762308751
2022/09/01 00:00,122055,809D2D7D0,122055,809D2D7D0,13.25,Canadian Dollar,13.25,Canadian Dollar,Reinvestment,0,0.0001067264184768542
2022/09/10 01:24,114590,8056BC280,3,8049DD1C0,35267.0,Rupee,35267.0,Rupee,ACH,1,0.02354707198817742
2022/09/07 14:34,117143,806ABE0A0,28255,804D7E820,11657.93,US Dollar,11657.93,US Dollar,ACH,1,0.0412588635346301
2022/09/04 00:03,17327,80FE72250,1,8062604A0,2.81,US Dollar,2.81,US Dollar,Credit Card,0,0.0006547250703412115
2022/09/02 13:52,12,8056C4050,6,805F6C350,18321.57,Rupee,18321.57,Rupee,Cheque,0,0.0003794819938856373
2022/09/08 10:00,4242,8019856D0,116214,80625B770,15428.39,US Dollar,15428.39,US Dollar,ACH,1,0.04073826833339601
2022/09/09 06:08,348478,811BCE4E0,223,811BCE3A0,562.74,Saudi Riyal,562.74,Saudi Riyal,Cheque,0,0.0015088553119747402
2022/09/09 03:05,70,100428660,253964,814187E70,17000.94,US Dollar,17000.94,US Dollar,Cheque,0,0.005393604196273509
2022/09/01 00:01,410,800976DF0,23344,8084C3850,20039.06,Euro,20039.06,Euro,Cash,0,0.00022311193300933793
2022/09/10 13:10,235509,80CE8C910,14804,806698470,13861.1,US Dollar,13861.1,US Dollar,ACH,1,0.03520051500479217
2022/09/01 05:20,129076,80DECF910,129076,80DECF910,47122.15,Euro,47122.15,Euro,Reinvestment,0,0.0009258418971884515
2022/09/02 16:11,70,100428660,11813,800C1B7B0,710.19,US Dollar,710.19,US Dollar,Cash,0,0.004421318352727086
2022/09/09 06:02,1522,8009BA530,3514,806F8FF20,9532.83,Euro,9532.83,Euro,Cheque,0,0.0001320588994628877
2022/09/07 23:12,15730,807513B70,16586,8122F8A20,2368.03,US Dollar,2368.03,US Dollar,Cheque,0,0.0002608394516838946
2022/09/07 10:30,9679,80452D470,224866,809EB9170,13108.14,US Dollar,13108.14,US Dollar,ACH,1,0.0011528111492924195
2022/09/01 19:12,70,1004289C0,43735,811296A00,43166.91,Shekel,43166.91,Shekel,Cash,1,0.0002608394516838946
2022/09/08 04:12,13667,80538C7D0,14381,8053D4760,1545944.2,Rupee,1545944.2,Rupee,Cheque,0,9.944301988983644e-05
2022/09/06 22:23,1502,8002A9870,1502,800D4ED20,21.12,Euro,21.12,Euro,Cheque,0,0.0001067264184768542
2022/09/02 00:59,28,80CB4CBD0,231744,80CB4D4B0,65691.26,Mexican Peso,65691.26,Mexican Peso,ACH,1,0.008644374077331407
2022/09/08 10:06,22775,8020A0DD0,1502,802ECE550,30.89,Euro,30.89,Euro,ACH,0,0.02354707198817742
2022/09/01 03:47,1522,801AE0000,31820,80BC98430,4.3,Euro,4.3,Euro,Cash,0,0.0001067264184768542
2022/09/06 21:57,1068,80A0C7960,130449,8126098B0,221.23,US Dollar,221.23,US Dollar,Credit Card,0,0.0001067264184768542
2022/09/01 21:14,12,8007E7F30,113935,805AD8A60,1124.54,Euro,1124.54,Euro,Credit Card,0,0.0002811327012240254
2022/09/11 08:54,48308,811E3C9F0,249176,81235EC40,51779.98,Saudi Riyal,51779.98,Saudi Riyal,ACH,1,0.04759947009493774
2022/09/01 22:58,221765,808CA5A40,221765,808CA5A40,701.19,UK Pound,701.19,UK Pound,Reinvestment,0,0.0002608394516838946
2022/09/09 20:33,14011,806967B30,220,8012CD590,12530.33,US Dollar,12530.33,US Dollar,ACH,1,0.03125016847632063
2022/09/05 09:00,138335,80E2643B0,239604,80F6763E0,81.26,Swiss Franc,81.26,Swiss Franc,Cheque,0,0.0001067264184768542
2022/09/02 22:58,119,8122CFB40,118,8127FAE50,21757.23,Saudi Riyal,21757.23,Saudi Riyal,ACH,0,0.04843221546280537
2022/09/07 14:51,25534,8096DB8D0,25170,809901200,14725.55,Canadian Dollar,14725.55,Canadian Dollar,Credit Card,0,9.944301988983644e-05
2022/09/09 02:09,9665,8046A9FD0,15,80473DE70,185813.54,Yen,185813.54,Yen,Cheque,0,0.0001067264184768542
2022/09/10 04:23,122055,809CD7920,27291,80D98D400,59.04,Canadian Dollar,59.04,Canadian Dollar,Cheque,0,0.0001067264184768542
2022/09/06 14:51,16031,809212300,116845,80FE37910,128.03,US Dollar,128.03,US Dollar,Credit Card,0,0.0001067264184768542
2022/09/01 00:06,153502,813CE0EB1,254595,813D82051,2.135868,Bitcoin,2.135868,Bitcoin,Bitcoin,0,0.00249586113955077
2022/09/07 22:58,70,100428A51,124,8136C8681,0.137032,Bitcoin,0.137032,Bitcoin,Bitcoin,0,0.006338647999196085
2022/09/02 05:50,70,1004286A8,25536,8067982B0,23.12,Euro,23.12,Euro,Credit Card,0,0.0030479204873427915
2022/09/04 18:04,148350,812D0C3C0,50528,812D0C600,21901.4,Saudi Riyal,21901.4,Saudi Riyal,ACH,1,0.04843221546280537
2022/09/03 12:09,20727,80C381B70,27954,80CC4B000,5570.35,US Dollar,5570.35,US Dollar,ACH,1,0.04843221546280537
2022/09/06 05:26,21387,800D92330,3881,806517760,642.92,Euro,642.92,Euro,Cheque,0,0.0001067264184768542
2022/09/10 11:53,1522,8002AE7E0,22,8001AE930,13839.77,Euro,13839.77,Euro,ACH,1,0.04843221546280537
2022/09/01 20:34,14,800364AE0,3,800E07DC0,2860.46,Yuan,2860.46,Yuan,Cheque,0,0.00022311193300933793
2022/09/07 12:05,1665,8004B1470,11296,8010F1870,3329.62,US Dollar,3329.62,US Dollar,Credit Card,0,0.00022311193300933793
2022/09/09 21:08,3698,80AE9A7B0,11,800924840,10054.02,Euro,10054.02,Euro,ACH,1,0.04843221546280537
2022/09/02 08:00,12381,80100ADE0,23833,801646990,82.0,US Dollar,82.0,US Dollar,Credit Card,0,0.0001067264184768542
2022/09/05 00:06,21745,800FCFC40,1299,801EF79E0,125716.17,Euro,125716.17,Euro,Cheque,0,0.0001067264184768542
2022/09/06 17:20,3,8037E94B0,225622,80B08B680,46750.51,Yuan,46750.51,Yuan,Cheque,0,0.00012077144199626745
2022/09/08 04:19,2627,8058566F0,227513,810F70820,375.85,US Dollar,375.85,US Dollar,Cheque,0,1.0569930661254862e-05
2022/09/02 10:14,12446,80C542DF0,114674,80C543AA0,3612.04,US Dollar,3612.04,US Dollar,ACH,1,0.0406532810005609
2022/09/08 11:48,10,800AD35F0,2843,800CBC0D0,4643.38,US Dollar,4643.38,US Dollar,Cheque,0,0.0001067264184768542
2022/09/03 22:06,2824,808791730,12979,8111A7CC0,194.59,US Dollar,194.59,US Dollar,Cheque,0,0.0002608394516838946
2022/09/02 09:32,33733,80187CA10,1124,80187A6B0,68.76,US Dollar,68.76,US Dollar,Cash,0,0.00022311193300933793
2022/09/01 21:20,701,802E27520,29404,80E27FBB0,11216.4,US Dollar,11216.4,US Dollar,Wire,0,0.0019564645675857915
2022/09/10 18:27,1490,8007F4680,29794,81394C490,49.94,Euro,49.94,Euro,ACH,0,0.041486026368428526
2022/09/08 21:18,214,8092F8360,225734,8095CE5E0,290.31,Canadian Dollar,290.31,Canadian Dollar,Cheque,0,0.00012077144199626745
2022/09/03 05:33,2845,806860350,23402,8068603F0,501.32,US Dollar,501.32,US Dollar,ACH,1,0.027311350285165993
2022/09/02 19:35,49365,812A09D40,119,812A09CF0,42579.74,Saudi Riyal,42579.74,Saudi Riyal,ACH,1,0.04843221546280537
2022/09/09 01:15,70,100428810,220541,8080D37D0,2457.54,UK Pound,2457.54,UK Pound,Cash,0,0.0009006015762308751
2022/09/05 23:56,12735,8018E6B50,21575,808668490,2469.73,US Dollar,2469.73,US Dollar,Credit Card,0,0.00022311193300933793
2022/09/02 09:42,349858,8123FAB10,249118,8123EBD60,1152.7,Saudi Riyal,1152.7,Saudi Riyal,Cheque,0,0.0001320588994628877
2022/09/07 08:25,214529,80538F210,213005,80538F480,166456.56,Rupee,166456.56,Rupee,ACH,0,0.018412286933403126
2022/09/05 11:35,18460,807F338C0,16450,809803A60,3426.15,Euro,3426.15,Euro,Cheque,0,0.0001067264184768542
2022/09/01 20:56,13554,806E6A840,27920,806E6AB10,281.68,Euro,281.68,Euro,ACH,1,0.04843221546280537
2022/09/04 22:24,45566,8114D7410,143496,8114D6800,133975.34,Shekel,133975.34,Shekel,ACH,0,0.04843221546280537
2022/09/01 06:54,121,811E46D00,121,811E46D00,37.77,Saudi Riyal,37.77,Saudi Riyal,Reinvestment,0,0.0017891381832179465
2022/09/10 19:43,122332,808E3D640,230744,81381A7F0,63902.64,UK Pound,63902.64,UK Pound,Cash,0,0.0001067264184768542
2022/09/06 04:51,124331,80D20E670,21258,80E8088B0,142.93,US Dollar,142.93,US Dollar,Cheque,0,0.0001067264184768542
2022/09/07 23:54,27621,80A856930,28222,80A856A20,5532.67,Australian Dollar,5532.67,Australian Dollar,ACH,1,0.017579541565535498
2022/09/03 08:50,70,100428660,3229,809C1BB00,1885.2,US Dollar,1885.2,US Dollar,Credit Card,1,0.0034657391969300866
2022/09/06 02:09,1669,8010812E0,24850,802BB0560,59.48,Euro,59.48,Euro,Cheque,0,1.0569930661254862e-05
2022/09/09 19:23,315732,80FF11780,243807,80FF11690,96.55,US Dollar,96.55,US Dollar,Cheque,0,0.00022311193300933793
2022/09/01 16:40,25866,8093CEE80,210431,81025A070,5485.91,Euro,5485.91,Euro,Cheque,0,0.00022311193300933793
2022/09/06 04:45,9679,803AAA3F0,10605,803FE5810,33785.07,Yen,33785.07,Yen,Credit Card,0,1.0569930661254862e-05
2022/09/06 14:06,12,80226C7A0,12,8010D4440,5162.15,US Dollar,5162.15,US Dollar,ACH,1,0.04701056919496519
2022/09/04 12:31,19729,8066CE920,11471,806791140,48095.37,US Dollar,48095.37,US Dollar,ACH,1,0.04190040258186605
2022/09/09 16:19,20486,807C317B0,220572,807E03150,90.63,UK Pound,90.63,UK Pound,Cheque,0,0.00012077144199626745
2022/09/01 23:01,29802,812EA8350,29802,812EA8350,12.65,US Dollar,12.65,US Dollar,Reinvestment,0,0.0027892099354534217
2022/09/12 02:38,214749,805DB7F20,27637,8043C7360,18132.22,US Dollar,18132.22,US Dollar,ACH,1,0.03306603013967996
2022/09/01 01:27,70,1004286A8,16991,803374FB0,0.66,Euro,0.66,Euro,Credit Card,0,0.0028279886032919694
2022/09/04 10:03,16388,80ABD93B0,127179,80B78E510,195.24,Euro,195.24,Euro,Credit Card,0,0.0034657391969300866
2022/09/02 14:53,19746,807D448C0,229089,80B33B590,10707.25,US Dollar,10707.25,US Dollar,Cheque,0,0.00022311193300933793
2022/09/01 01:52,1490,80A65A210,1490,80A65A210,20.14,Euro,20.14,Euro,Reinvestment,0,0.0006547250703412115
2022/09/01 16:50,12,8009CFA00,1502,8027E31E0,16657.22,Euro,16657.22,Euro,Credit Card,0,0.00012077144199626745
2022/09/01 18:46,70,1004286A8,27535,81448FFE0,89.73,Euro,89.73,Euro,Credit Card,0,0.0027892099354534217
2022/09/01 05:20,135010,80CEC1540,10,80D6894D0,5584290.89,Brazil Real,5584290.89,Brazil Real,Cash,0,0.0001067264184768542
2022/09/04 01:48,11852,80EA56D10,125164,80EA56D60,11084.51,Euro,11084.51,Euro,ACH,0,0.02175948815800694
2022/09/06 08:43,22,804A66840,21918,8053168D0,439.58,Euro,439.58,Euro,ACH,1,0.04023895705644193
2022/09/05 18:19,213,8096E66F0,25113,8096FC720,218.6,Canadian Dollar,218.6,Canadian Dollar,Credit Card,0,9.944301988983644e-05
2022/09/02 07:49,28,80A5E71D0,28317,80A5E74C0,58327.26,Australian Dollar,58327.26,Australian Dollar,ACH,1,0.018185124099604693
2022/09/01 15:00,244490,8145285F0,244490,8145285F0,3288.44,US Dollar,3288.44,US Dollar,Reinvestment,0,0.0027892099354534217
2022/09/03 19:46,13037,803509D50,19318,8106B1750,5897.02,Yuan,5897.02,Yuan,ACH,1,0.04212756541566448
2022/09/10 19:24,70,1004286A8,14650,80B512C10,1485.76,Euro,1485.76,Euro,Credit Card,1,0.0034657391969300866
2022/09/02 04:41,1688,8008A8800,16333,8034A5090,307.21,US Dollar,307.21,US Dollar,Cheque,0,0.00012077144199626745
2022/09/06 08:34,117143,806ED9F10,140257,80F0169B0,73631.42,Yuan,73631.42,Yuan,ACH,1,0.04759947009493774
2022/09/09 00:59,11,800918710,11056,8015AB450,353229.24,Euro,353229.24,Euro,Cash,0,0.0004762818878157548
2022/09/01 11:04,22575,8120906A0,22575,8120906A0,8.96,UK Pound,8.96,UK Pound,Reinvestment,0,0.0002608394516838946
2022/09/02 08:09,325562,8095D9760,19,8095D9710,1786.48,Canadian Dollar,1786.48,Canadian Dollar,Cheque,0,0.0006547250703412115
2022/09/09 06:06,138133,8109F99A0,238038,812662770,149.66,US Dollar,149.66,US Dollar,Credit Card,0,0.0001067264184768542
2022/09/08 14:37,1362,801468430,1601,801A8F390,989.7,US Dollar,989.7,US Dollar,Credit Card,0,0.0001067264184768542
2022/09/02 03:25,70,100428A51,53744,813D0AEA1,0.297759,Bitcoin,0.297759,Bitcoin,Bitcoin,0,0.004949350916927618
2022/09/09 22:40,2439,8035FC590,17400,806A56EB0,1661.77,US Dollar,1661.77,US Dollar,Cheque,0,0.0019564645675857915
2022/09/09 17:50,14,800363830,20,803920290,11974.29,Yuan,11974.29,Yuan,Cheque,0,0.0001320588994628877
2022/09/07 23:35,119,811DCA9B0,248857,811E454E0,86.16,Saudi Riyal,86.16,Saudi Riyal,Cheque,0,0.0002608394516838946
2022/09/08 01:05,1601,801BDCE30,129974,80B616540,8757.95,US Dollar,8757.95,US Dollar,ACH,1,0.02675392771430197
2022/09/01 00:13,54642,81414B031,54642,81414B031,0.384758,Bitcoin,0.384758,Bitcoin,Bitcoin,0,0.0007832556799535189
2022/09/01 00:01,11296,80093A420,110836,8042700E0,92221.64,US Dollar,92221.64,US Dollar,Cash,0,0.00012077144199626745
2022/09/10 12:43,18324,809BCD300,136012,81088B1C0,554.2,US Dollar,554.2,US Dollar,Credit Card,0,0.001271402435278388
2022/09/07 02:55,10,8002C8950,21258,800D4B340,989.98,US Dollar,989.98,US Dollar,Credit Card,0,1.0569930661254862e-05
2022/09/08 07:35,29788,803943730,29788,803943730,4466.19,UK Pound,38636.99,Yuan,ACH,0,0.009839120813732805
2022/09/01 14:18,70,1004287C8,16649,80628DED0,55313.68,Ruble,55313.68,Ruble,Cheque,1,0.003153140670571128
2022/09/07 08:53,70,1004286A8,11,800230B40,121.89,Euro,121.89,Euro,Credit Card,0,0.0027892099354534217
2022/09/05 09:58,12561,802039900,24482,809791E10,312.13,Euro,312.13,Euro,Credit Card,0,0.0001320588994628877
2022/09/01 00:01,43460,8101A1790,43460,8101A1790,75.79,Shekel,75.79,Shekel,Reinvestment,0,0.0004762818878157548
2022/09/05 23:11,1729,80056B5F0,218885,80824C3D0,4222.7,US Dollar,4222.7,US Dollar,Cheque,0,0.0001320588994628877
2022/09/07 00:56,5394,80439A8F0,141690,8135E8460,96.87,US Dollar,96.87,US Dollar,Credit Card,0,1.0569930661254862e-05
2022/09/01 23:52,1024,8093B5FD0,217959,80983DE80,33576812.86,Euro,33576812.86,Euro,Cheque,0,0.0001067264184768542
2022/09/05 10:39,13345,80258BA40,221198,81317AA90,51.81,Euro,51.81,Euro,Cash,0,0.0001067264184768542
2022/09/02 11:44,10,800119810,12,80010D740,10935.38,Euro,10935.38,Euro,ACH,1,0.04212756541566448
2022/09/09 11:41,23,8002ACC00,25536,80233B810,19347.86,Euro,19347.86,Euro,Wire,0,0.0009006015762308751
2022/09/01 00:18,9571,803901F50,9571,803901F50,20572.82,Yuan,20572.82,Yuan,Reinvestment,0,0.0004762818878157548
2022/09/08 21:52,24922,80925B190,225215,8094F92E0,1798.89,Canadian Dollar,1798.89,Canadian Dollar,Credit Card,0,0.0001067264184768542
2022/09/07 00:24,211212,8058C07D0,2053,80153EDE0,387.46,US Dollar,387.46,US Dollar,Credit Card,0,1.0569930661254862e-05
2022/09/05 18:26,1547,801B35760,4259,8020AC380,119.77,Euro,119.77,Euro,Credit Card,0,0.00012077144199626745
2022/09/01 07:08,18200,8039A9B60,18067,8095E8220,4889.08,Yuan,4889.08,Yuan,Cheque,0,0.0001067264184768542
2022/09/03 00:24,112,80E5E1D00,240774,80F559000,131.12,Swiss Franc,131.12,Swiss Franc,Credit Card,0,0.0001067264184768542
2022/09/06 18:04,70,100428930,110,80CCA2D20,10.85,Brazil Real,10.85,Brazil Real,Credit Card,1,0.0002618906008478857
2022/09/09 16:02,337214,80D9ABD60,10344,80D9A9900,549.01,US Dollar,549.01,US Dollar,Cheque,0,0.0009006015762308751
2022/09/06 06:03,2915,800AEDA60,1729,800478690,6643.19,US Dollar,6643.19,US Dollar,ACH,1,0.0078645439430968
2022/09/05 04:15,410,800C774E0,24144,808F488A0,309.7,Euro,309.7,Euro,Credit Card,0,0.0001067264184768542
2022/09/09 19:51,70,1004286A8,3335,8075F07A0,5475.39,Euro,5475.39,Euro,Cheque,0,0.004421318352727086
2022/09/06 03:38,1665,8020D99C0,5175,8020A5C90,1662.61,Euro,1662.61,Euro,Cheque,0,0.0001067264184768542
2022/09/08 21:48,70,1004286A8,231212,80BB6F8B0,248.53,Euro,248.53,Euro,Cheque,1,0.003837962038690472
2022/09/03 19:50,70,1004286F0,18107,80398D780,898.27,Yuan,898.27,Yuan,Cash,0,0.001271402435278388
2022/09/01 04:11,123288,80C0E0E80,123288,80C0E0E80,5766.99,US Dollar,5766.99,US Dollar,Reinvestment,0,0.0009258418971884515
2022/09/04 07:52,223645,80FBCC760,28531,80A709C90,4457.0,Australian Dollar,4457.0,Australian Dollar,ACH,1,0.04212756541566448
2022/09/09 12:27,70,100428A08,223,811EBBC60,369960.49,Saudi Riyal,369960.49,Saudi Riyal,Cheque,0,0.0027892099354534217
2022/09/05 08:24,29251,803E80C10,28255,80893CA00,2531958.31,US Dollar,2531958.31,US Dollar,Cheque,0,0.0013101811031169357
2022/09/02 00:10,328534,80A9C4630,28248,80A9C4180,769.53,Australian Dollar,769.53,Australian Dollar,Cheque,0,0.0004762818878157548
2022/09/04 19:41,6276,80709C8B0,6276,8097A97C0,6.44,US Dollar,6.44,US Dollar,Wire,0,0.0030479204873427915
2022/09/10 22:32,240304,80F319F80,238845,80F32A050,2525.94,Swiss Franc,2525.94,Swiss Franc,ACH,0,0.03125016847632063
2022/09/08 20:50,14814,805693F20,12,805CAD1F0,191340.23,Rupee,191340.23,Rupee,Credit Card,0,0.0001067264184768542
2022/09/01 10:02,8074,80C37F640,131800,80C37F690,3013.55,Euro,3013.55,Euro,ACH,1,0.0003320543917991228
2022/09/04 14:46,23,8001D7610,1362,8001ECD70,3757.42,US Dollar,3757.42,US Dollar,ACH,1,0.041486026368428526
2022/09/07 14:44,5394,802C34490,11,8006345A0,16758.93,Euro,16758.93,Euro,ACH,1,0.04759947009493774
2022/09/01 09:19,70,100428660,18819,807F1C600,1.55,US Dollar,1.55,US Dollar,Credit Card,0,0.003153140670571128
2022/09/01 13:56,16011,802608240,16011,802608240,90.51,Euro,90.51,Euro,Reinvestment,0,0.0006547250703412115
2022/09/01 07:54,335793,80DCF19C0,20248,80DCF23B0,22510.35,Euro,22510.35,Euro,Cheque,0,0.0004762818878157548
2022/09/06 14:40,12,801F39910,3514,80212F800,275.27,Euro,275.27,Euro,Cheque,0,0.00021566887726663908
2022/09/01 03:52,12,800CA22A0,3335,802D0DED0,24718.06,Euro,24718.06,Euro,Credit Card,0,0.0001067264184768542
2022/09/03 04:29,220,8003C0EC0,25075,8024290A0,60.14,US Dollar,60.14,US Dollar,Credit Card,0,0.0001067264184768542
2022/09/08 13:40,22205,801A4DCF0,1674,80055FEA0,15892.42,US Dollar,15892.42,US Dollar,ACH,1,0.02833251527025008
2022/09/07 20:58,13037,801B78610,29685,809C8CBB0,682.29,US Dollar,682.29,US Dollar,Credit Card,0,0.0001067264184768542
2022/09/08 05:40,70,100428660,29317,810D0D150,11849.94,US Dollar,11849.94,US Dollar,Credit Card,1,0.0028981523942432064
2022/09/02 20:05,231744,80C5937A0,32564,80C618E30,182.02,Mexican Peso,182.02,Mexican Peso,ACH,0,0.03125016847632063
2022/09/01 18:31,1674,800463A60,1674,800463A60,135.43,Euro,158.69,US Dollar,ACH,0,0.006338647999196085
2022/09/01 22:58,14233,8068D6560,14233,8068D6560,99330.62,Euro,99330.62,Euro,Reinvestment,0,0.0025620471016549883
2022/09/02 22:22,6156,806723040,113779,80BDE2FB0,5625.88,US Dollar,5625.88,US Dollar,Cash,0,0.0013675636676132382
2022/09/01 00:19,4866,804733A20,2053,80853D620,1640.2,US Dollar,1640.2,US Dollar,Credit Card,0,9.944301988983644e-05
2022/09/01 08:09,29467,80387E900,19925,803AA8880,241302.15,Yen,241302.15,Yen,Credit Card,0,1.0569930661254862e-05
2022/09/01 02:37,119,80FD51FF0,43735,8105DA3C0,3811.73,Shekel,3811.73,Shekel,Credit Card,0,1.0569930661254862e-05
2022/09/03 14:58,4,80314A530,9571,808F75840,19349.91,Yuan,19349.91,Yuan,Cheque,0,0.0004762818878157548
2022/09/02 08:10,314216,80B529C10,29794,80B520BC0,497.2,Euro,497.2,Euro,ACH,0,0.02202926448800239
2022/09/09 01:10,228054,80A8B9B50,28768,80A987A70,6466.43,Australian Dollar,6466.43,Australian Dollar,ACH,0,0.009839120813732805
2022/09/04 16:16,228009,80A1FDB90,28611,80A729F80,283.14,Australian Dollar,283.14,Australian Dollar,Cheque,0,0.0017891381832179465
2022/09/01 00:15,117299,80BACC220,11030,80C5037C0,126.11,US Dollar,126.11,US Dollar,Credit Card,0,0.0001067264184768542
2022/09/03 01:08,10,80005E100,701,80078A8F0,7661.15,US Dollar,7661.15,US Dollar,Cheque,0,0.00012077144199626745
2022/09/02 16:46,23691,8089009F0,29404,80373C140,767.47,US Dollar,767.47,US Dollar,ACH,1,0.041486026368428526
2022/09/05 23:33,19542,80B94CB50,210575,80BAE7C30,2783.1,Euro,2783.1,Euro,Credit Card,0,0.0009006015762308751
2022/09/04 14:23,10,8008328A0,123997,80B258C10,138.27,US Dollar,138.27,US Dollar,Credit Card,0,0.0006547250703412115
2022/09/09 20:15,70,1004289C0,1198,811856050,56121.85,Shekel,56121.85,Shekel,Credit Card,0,0.00022311193300933793
2022/09/01 00:10,11296,8022ED550,211212,80424EE40,7005.48,US Dollar,7005.48,US Dollar,Cash,0,0.0001067264184768542
2022/09/10 13:22,211,8000AC490,28,80A1E4D20,122213.02,Australian Dollar,122213.02,Australian Dollar,Wire,0,0.0027892099354534217
2022/09/09 03:59,113,80FD47490,119,80FDC21B0,10614.32,Shekel,10614.32,Shekel,Credit Card,0,1.0569930661254862e-05
2022/09/05 13:14,22,800241D60,11,8002D9F80,8893.62,Euro,8893.62,Euro,ACH,1,0.04691440796263034
2022/09/05 12:19,121580,808C9D420,222858,808C9D6F0,3280.64,UK Pound,3280.64,UK Pound,ACH,1,0.02141258712306521
2022/09/02 19:11,8805,809C80AF1,1457,80B81A9C1,0.024747,Bitcoin,0.024747,Bitcoin,Bitcoin,0,0.003080676148635842
2022/09/08 16:31,254242,813D33D31,152416,81453FFD1,0.004223,Bitcoin,0.004223,Bitcoin,Bitcoin,0,0.0036814969632055503
2022/09/07 10:41,122047,808DAB730,220572,80B1FF9F0,7796.67,UK Pound,7796.67,UK Pound,Credit Card,0,0.00012077144199626745
2022/09/05 06:49,254355,813C7E771,225,813D32691,0.202502,Bitcoin,0.202502,Bitcoin,Bitcoin,0,0.0014541643513645039
2022/09/02 16:16,21940,800EB0F20,1411,800F13F80,243.51,US Dollar,243.51,US Dollar,Cheque,0,0.0003320543917991228
2022/09/06 09:04,12,800516CA0,1588,800544D40,1335.92,US Dollar,1335.92,US Dollar,Cheque,0,0.0001067264184768542
2022/09/10 00:12,116214,80C2843F0,1729,80E3E7DD0,335.63,US Dollar,335.63,US Dollar,Cheque,0,0.0001067264184768542
2022/09/03 08:07,44873,810A53FC0,244192,810A5B540,29449.01,Shekel,29449.01,Shekel,ACH,1,0.030417423108453003
2022/09/08 13:28,113,80FD68BC0,21940,80255DA40,18169.54,US Dollar,18169.54,US Dollar,ACH,1,0.02141258712306521
2022/09/08 09:58,1,800D36B20,28693,805175430,2686.38,US Dollar,2686.38,US Dollar,Cheque,0,0.00012077144199626745
2022/09/09 01:20,339448,80E6E77D0,1674,80E6E8D80,19.39,US Dollar,19.39,US Dollar,Credit Card,0,1.0569930661254862e-05
2022/09/11 14:52,210404,805090B10,14325,801A21E40,5596.26,US Dollar,5596.26,US Dollar,ACH,1,0.04701056919496519
2022/09/07 17:39,21550,801152DA0,10232,804FC2960,270.94,US Dollar,270.94,US Dollar,Credit Card,0,0.00022311193300933793
2022/09/09 16:54,11,8001FD490,20,80022F920,2440.79,Euro,2440.79,Euro,ACH,1,0.04843221546280537
2022/09/02 16:18,1047,807308130,111764,80A0DFE50,4274.32,US Dollar,4274.32,US Dollar,Credit Card,0,0.0013999128531849553
2022/09/02 18:34,15,8038646D0,212032,807E40220,559754.44,Yen,559754.44,Yen,Credit Card,0,0.00022311193300933793
2022/09/02 17:05,48309,811DB6E80,48755,812024180,1060.08,Saudi Riyal,1060.08,Saudi Riyal,Cheque,0,0.003588572984859455
2022/09/02 15:26,15863,802A6B6A0,27535,80C0A5040,5938.45,Euro,5938.45,Euro,Cheque,0,0.0001067264184768542
2022/09/01 21:18,70,100428738,210261,803F9DE90,3114.09,Yen,3114.09,Yen,Cheque,1,0.001380344894068173
2022/09/01 00:06,21174,800737690,12,80011F990,2848.96,Euro,2848.96,Euro,ACH,1,0.016548918895138157
2022/09/06 10:33,1267,800E00D50,14,801ED33F0,263.34,Yuan,263.34,Yuan,ACH,0,0.03520051500479217
2022/09/07 19:49,23537,801C44C50,17327,8052F9D00,157.15,US Dollar,157.15,US Dollar,Wire,0,0.0002608394516838946
2022/09/02 18:53,120511,8079AADD0,147085,8119CA840,9485284.24,Euro,9485284.24,Euro,Cash,0,0.0002608394516838946
2022/09/09 03:38,24941,8094C16B0,225734,809709140,16908.8,Canadian Dollar,16908.8,Canadian Dollar,Credit Card,0,0.0001067264184768542
2022/09/01 10:24,16586,80313FD70,1674,809BF42C0,123.88,US Dollar,123.88,US Dollar,Credit Card,0,0.0001067264184768542
2022/09/02 05:23,12719,802253740,233564,80C3675D0,23.35,US Dollar,23.35,US Dollar,Credit Card,0,0.0001067264184768542
2022/09/07 00:07,117,80EE37100,116,80EB1A730,7.42,Swiss Franc,7.42,Swiss Franc,Credit Card,0,1.0569930661254862e-05
2022/09/10 08:52,70,100428660,138016,813322570,227.84,US Dollar,227.84,US Dollar,Cheque,0,0.006338647999196085
2022/09/03 14:30,13145,801D17550,1853,802251480,108110.86,US Dollar,108110.86,US Dollar,Cheque,0,0.0002608394516838946
2022/09/05 10:38,70,100428780,113304,8054E6360,2995.66,Rupee,2995.66,Rupee,Credit Card,1,0.0001067264184768542
2022/09/01 04:12,2952,8035278D0,2952,8035278D0,17.99,US Dollar,17.99,US Dollar,Reinvestment,0,0.0006547250703412115
2022/09/08 03:58,70,100428660,213704,806A81320,1041.84,US Dollar,1041.84,US Dollar,Cheque,0,0.004143931266928089
2022/09/06 17:35,28094,80A616FC0,19,80A950010,13012.98,Australian Dollar,13012.98,Australian Dollar,ACH,0,0.04843221546280537
2022/09/09 00:26,211075,80E159340,15040,8103A9BD0,50.02,US Dollar,50.02,US Dollar,Credit Card,0,9.944301988983644e-05
2022/09/05 02:58,1198,80FD408D0,243897,8108B9260,1749.63,Shekel,1749.63,Shekel,Cheque,0,1.0569930661254862e-05
2022/09/01 01:26,17907,80BDECD70,25749,80D16A600,2285.05,US Dollar,2285.05,US Dollar,Cheque,0,0.0001067264184768542
2022/09/08 07:43,213137,80556CF20,23,8118FFC90,67.87,Euro,67.87,Euro,Cheque,0,0.00022311193300933793
2022/09/08 10:17,238845,80E4346F0,240774,80F1D0390,25380.46,Swiss Franc,25380.46,Swiss Franc,Credit Card,0,0.00022311193300933793
2022/09/05 01:14,217,8000D1060,142950,8100DB9F0,17373.4,Shekel,17373.4,Shekel,Cheque,0,1.0569930661254862e-05
2022/09/07 14:48,70,100428660,5140,80EB5B4F0,4076.08,US Dollar,4076.08,US Dollar,Cash,0,0.005393604196273509
2022/09/01 06:36,795,8007870C0,28771,80D0B56D0,272.47,US Dollar,272.47,US Dollar,Credit Card,0,0.0001067264184768542
2022/09/08 00:18,152416,81409B1F1,154043,814439C61,0.003126,Bitcoin,0.003126,Bitcoin,Bitcoin,0,0.0014541643513645039
2022/09/02 21:57,341434,80F29ED20,15863,80F29E170,192.82,Euro,192.82,Euro,Credit Card,0,0.001271402435278388
2022/09/01 18:08,70,100428810,222819,808424430,4453.78,UK Pound,4453.78,UK Pound,Credit Card,0,0.0013675636676132382
2022/09/05 13:56,11,8014F3BE0,11056,80289ED70,18648.46,Euro,18648.46,Euro,ACH,0,0.04759947009493774
2022/09/09 03:10,10813,8046EDF60,111031,804703F90,1080686.84,Yen,1080686.84,Yen,ACH,0,0.0091540586814254
2022/09/01 01:16,40404,80F1008E0,141486,80FA60700,2054.52,Swiss Franc,2054.52,Swiss Franc,Credit Card,0,0.0001067264184768542
2022/09/07 04:36,21381,8038EB0F0,9691,81052C480,6208.48,Yuan,6208.48,Yuan,Cash,0,0.0001067264184768542
2022/09/06 23:51,10,800043210,21258,801221EC0,9376.89,US Dollar,9376.89,US Dollar,Cheque,0,0.0001067264184768542
2022/09/06 20:14,70,1004286A8,3123,802B095C0,219.03,Euro,219.03,Euro,Cheque,0,0.004143931266928089
2022/09/01 08:04,7675,80BAD8B90,8455,81446FEE0,9212.89,Euro,9212.89,Euro,ACH,0,0.02833251527025008
2022/09/09 22:43,18107,80BA93750,34828,8136F03B0,51479.84,Yuan,51479.84,Yuan,Cheque,0,0.0009258418971884515
2022/09/10 22:22,7548,8040AE4F0,213137,8062E7A30,13291.54,Euro,13291.54,Euro,ACH,1,0.04843221546280537
2022/09/06 15:06,70,100428858,125645,809B499D0,3058.45,Canadian Dollar,3058.45,Canadian Dollar,Credit Card,0,0.0001067264184768542
2022/09/01 00:25,1686,81009D8B0,1686,81009D8B0,21.45,US Dollar,21.45,US Dollar,Reinvestment,0,0.00022311193300933793
2022/09/06 00:06,122545,808E60550,212,80826B320,36.75,UK Pound,36.75,UK Pound,Credit Card,0,9.944301988983644e-05
2022/09/05 00:44,12359,8070CE3A0,40187,8119D8CB0,20206.6,US Dollar,20206.6,US Dollar,Cheque,0,9.944301988983644e-05
2022/09/02 08:33,335984,80D1DF830,25749,80D1DF7E0,136.73,US Dollar,136.73,US Dollar,ACH,0,0.01652367857418058
2022/09/09 22:38,27288,8068A7FA0,3881,809475520,925.26,Euro,925.26,Euro,Cheque,0,0.0019564645675857915
2022/09/01 18:13,6,80A202DA0,28094,80A419180,19750.28,Australian Dollar,19750.28,Australian Dollar,Credit Card,0,0.0006547250703412115
2022/09/01 05:51,40653,80FA8CE80,241636,80FA6CD20,4093.13,Swiss Franc,4093.13,Swiss Franc,ACH,0,0.0078645439430968
2022/09/01 00:20,71,8047A31B0,14381,805E49230,2052464.06,Rupee,2052464.06,Rupee,Credit Card,0,1.0569930661254862e-05
2022/09/09 05:35,327661,80A13B6B0,27621,80A13BE30,124.06,Australian Dollar,124.06,Australian Dollar,ACH,0,0.04843221546280537
2022/09/01 00:29,70,100428660,117453,809529AE0,565.05,US Dollar,565.05,US Dollar,Credit Card,0,0.0028981523942432064
2022/09/02 12:25,119,80FD34850,244192,810170340,41072.37,Shekel,41072.37,Shekel,Cash,0,0.00022311193300933793
2022/09/07 11:02,26174,8098EF8C0,210,8099F95E0,34071807.02,Canadian Dollar,34071807.02,Canadian Dollar,ACH,0,0.03436776963692454
2022/09/09 02:39,11405,800B7D5A0,211075,809323FA0,226.86,US Dollar,226.86,US Dollar,ACH,0,0.008358938133962768
2022/09/01 10:04,12893,8121EA080,12893,8121EA080,19.72,US Dollar,19.72,US Dollar,Reinvestment,0,0.0013675636676132382
2022/09/04 18:25,33739,80CB295F0,33884,80CB29550,83800.88,Mexican Peso,83800.88,Mexican Peso,ACH,0,0.03125016847632063
2022/09/06 06:12,28726,80BB73660,122094,80D264E30,424.39,Euro,424.39,Euro,Cheque,0,0.0001067264184768542
2022/09/09 00:55,1457,802FBC4A0,8798,8045078F0,629.78,US Dollar,629.78,US Dollar,Cheque,0,0.0001067264184768542
2022/09/05 14:55,119,8000DD5C0,119,8000DD5C0,9953.46,Saudi Riyal,9953.46,Saudi Riyal,Credit Card,0,0.0006547250703412115
2022/09/09 21:49,234222,8110D72E0,7675,811B2CA80,294.59,Euro,294.59,Euro,ACH,0,0.03520051500479217
2022/09/02 22:24,3391,800331160,1420,8003329A0,60.06,US Dollar,60.06,US Dollar,Cash,0,0.001271402435278388
2022/09/04 16:31,1024,800B3D000,21745,80121BDE0,173.65,Euro,173.65,Euro,Wire,0,0.0002608394516838946
2022/09/08 10:17,2843,8052FC360,8354,805A596B0,5607.27,US Dollar,5607.27,US Dollar,Credit Card,0,0.0001320588994628877
2022/09/05 06:36,70,1004286A8,1490,8002897B0,106.36,Euro,106.36,Euro,Cheque,0,0.004143931266928089
2022/09/01 00:21,1,80B43B710,1,80B43B710,14.21,US Dollar,14.21,US Dollar,Reinvestment,0,0.0009258418971884515
2022/09/09 11:10,22758,801E4D800,410,8025FB400,54.14,Euro,54.14,Euro,Cheque,0,0.0028981523942432064
2022/09/07 17:00,5466,802176460,3045,80232B420,2921.42,Euro,2921.42,Euro,Cash,0,0.0001320588994628877
2022/09/02 02:17,14,81033EFF0,220,8107B0790,10555.54,Shekel,10555.54,Shekel,Cheque,0,0.0001067264184768542
2022/09/08 11:48,1601,800CB48A0,2627,801706100,206.17,US Dollar,206.17,US Dollar,Cheque,0,0.00022311193300933793
2022/09/07 02:22,223635,80D447D80,242061,813945530,3033.37,US Dollar,3033.37,US Dollar,Credit Card,0,1.0569930661254862e-05
2022/09/06 21:56,24856,809338030,19,8094C1470,15418.48,Canadian Dollar,15418.48,Canadian Dollar,Cheque,0,0.00022311193300933793
2022/09/09 04:27,334724,80C9F08B0,213,80C9F4340,5872.9,Mexican Peso,5872.9,Mexican Peso,Cheque,0,0.0001067264184768542
2022/09/03 06:00,18097,803201EE0,4,8038E1450,10588.78,Yuan,10588.78,Yuan,Cheque,0,0.0006547250703412115
2022/09/01 00:10,13345,80262FF20,13345,80262FF20,1487.78,Euro,1487.78,Euro,Reinvestment,0,0.0019564645675857915
2022/09/07 02:52,12,802C835F0,113935,80B9E2800,153.67,Euro,153.67,Euro,Cheque,0,0.0001067264184768542
2022/09/09 09:03,25075,802224070,20898,808783410,16644.26,US Dollar,16644.26,US Dollar,Wire,0,0.0001067264184768542
2022/09/09 15:36,210617,8042AD480,17615,8050A2B40,146.78,Euro,146.78,Euro,Credit Card,0,0.0013999128531849553
2022/09/08 16:38,27288,80DA9B350,28627,811675D40,2740.14,Euro,2740.14,Euro,ACH,0,0.04653292964103101
2022/09/01 17:57,1047,800D37AA0,1047,800D37AA0,2044267.93,US Dollar,2044267.93,US Dollar,Reinvestment,0,0.0025620471016549883
2022/09/03 01:15,2845,800761D70,36932,80ED22300,34235.33,US Dollar,34235.33,US Dollar,Cheque,0,0.0002608394516838946
2022/09/09 07:39,5464,80E2F3F30,44458,811657190,570385.95,Euro,570385.95,Euro,Cash,0,0.0004762818878157548
2022/09/08 22:23,20,8001B4210,1024,800977DF0,40480.36,Euro,40480.36,Euro,Cash,0,0.0027892099354534217
2022/09/09 12:19,343740,810068C30,142836,8100593D0,282.08,Shekel,282.08,Shekel,Credit Card,0,0.00022311193300933793
2022/09/05 13:53,1490,800289800,1490,80029BCF0,12070.25,Euro,12070.25,Euro,ACH,1,0.04511128337319083
2022/09/10 11:45,39721,80EA61C50,39721,80EB99DC0,524475.85,Swiss Franc,524475.85,Swiss Franc,Cash,0,0.0004762818878157548
2022/09/05 18:21,35520,80D6A2D10,235551,80D754820,7123.8,Brazil Real,7123.8,Brazil Real,Cheque,0,0.0003654369703662241
2022/09/08 12:34,21745,8069B8F70,11974,8010AE030,2154228.09,US Dollar,2154228.09,US Dollar,ACH,1,0.03520051500479217
2022/09/02 03:14,11157,80073BC60,21174,80087B080,4421.61,US Dollar,4421.61,US Dollar,Credit Card,0,0.0001067264184768542
2022/09/09 02:06,70,100428660,29404,812605260,320.52,US Dollar,320.52,US Dollar,Cheque,1,0.004143931266928089
2022/09/02 09:04,70,1004286A8,16847,8078C7B40,5264.84,Euro,5264.84,Euro,Cheque,0,0.005178344656527337
2022/09/06 21:22,5464,80C8841B0,2591,80B7C97B0,14691.67,Euro,14691.67,Euro,ACH,1,0.04009672928616006
2022/09/03 00:21,112497,804B16D80,113090,8053C2100,11288.11,Rupee,11288.11,Rupee,Cash,0,0.0001320588994628877
2022/09/05 19:35,221279,811658700,147879,811B18720,70.85,Euro,70.85,Euro,ACH,0,0.03306603013967996
2022/09/01 21:05,16649,8060B8CF0,16792,8061E8E30,8837.19,Ruble,8837.19,Ruble,Cash,0,0.0025620471016549883
2022/09/02 04:55,228101,80A27F2F0,129854,80B090050,2030.03,Australian Dollar,2030.03,Australian Dollar,ACH,0,0.018412286933403126
2022/09/09 22:48,29467,80413DB10,210690,804667690,8691.81,Yen,8691.81,Yen,Cheque,0,0.0001595501098348152
2022/09/01 06:09,220,810071880,43049,8109F4F40,300463.52,Shekel,300463.52,Shekel,Wire,0,0.0001067264184768542
2022/09/07 06:51,8771,80C6F48A0,221374,80E0FA460,5087.45,US Dollar,5087.45,US Dollar,ACH,1,0.04843221546280537
2022/09/10 19:25,220271,80B067720,27637,80E616E80,1848.29,US Dollar,1848.29,US Dollar,Cheque,0,0.0030479204873427915
2022/09/09 03:45,12,80018EE40,1420,80024F110,200.09,US Dollar,200.09,US Dollar,Cash,0,0.0001067264184768542
2022/09/01 22:52,15,8039F6780,19925,803A76950,260342.11,Yen,260342.11,Yen,Credit Card,0,0.0001067264184768542
2022/09/02 18:26,35941,80A21AB60,18617,80A21ABB0,623.42,US Dollar,623.42,US Dollar,Credit Card,0,0.00012077144199626745
2022/09/02 01:37,12735,80170F410,15916,8023E4490,706.96,US Dollar,706.96,US Dollar,Cheque,0,0.0001067264184768542
2022/09/02 12:03,117,80E5AC5B0,38478,80E5ACE90,2133.75,Swiss Franc,2133.75,Swiss Franc,ACH,0,0.01652367857418058
2022/09/08 07:47,23,801DF5760,16354,812ADD5A0,415.21,Euro,415.21,Euro,Cheque,0,0.0001067264184768542
2022/09/09 10:13,26624,802DEEB10,13083,8048C2150,2140.63,Euro,2140.63,Euro,Cheque,0,0.00022311193300933793
2022/09/01 19:42,140304,80F877B90,140304,80F877B90,20.96,Swiss Franc,20.96,Swiss Franc,Reinvestment,0,0.00022311193300933793
2022/09/04 17:13,243947,81087A270,245093,8108C9C00,564.76,Shekel,564.76,Shekel,Cheque,0,0.00027341954619423324
2022/09/05 06:02,137218,80E187A20,38478,80EAA7A70,2126.61,Swiss Franc,2126.61,Swiss Franc,Credit Card,0,0.0001067264184768542
2022/09/09 00:40,14277,80D9EE5B0,25536,80D9EE3D0,700.88,Euro,700.88,Euro,ACH,0,0.010532982436553954
2022/09/08 18:33,70,1004288E8,27,80C206730,16441.31,Mexican Peso,16441.31,Mexican Peso,Credit Card,0,0.0019564645675857915
2022/09/05 20:00,225454,8098E7160,26302,809E3F640,130079.89,Canadian Dollar,130079.89,Canadian Dollar,Cheque,0,0.0001067264184768542
2022/09/01 00:04,138395,80E4F0730,138395,80E4F0730,16.87,Swiss Franc,16.87,Swiss Franc,Reinvestment,0,0.0001067264184768542
2022/09/10 21:25,117070,80648AE50,287,80648B1B0,327091.12,Ruble,327091.12,Ruble,ACH,1,0.04843221546280537
2022/09/08 23:52,23,80005FD30,22,800141D00,750.58,Euro,750.58,Euro,Cash,0,0.0009258418971884515
2022/09/01 04:24,10,800250DA0,16333,802CDC780,2789.94,US Dollar,2789.94,US Dollar,Cheque,0,0.0001067264184768542
2022/09/05 17:30,220,80033E650,10,8003CA760,2505.31,US Dollar,2505.31,US Dollar,Cheque,0,0.00022311193300933793
2022/09/01 16:26,17222,802C280B0,120046,810C4AA80,629.63,US Dollar,629.63,US Dollar,Cheque,0,0.00012077144199626745
2022/09/05 09:31,22,800287890,16991,80388F310,48.48,Euro,48.48,Euro,Cheque,0,0.0001067264184768542
2022/09/01 21:22,70,100428A08,250068,8127B9A30,5570.07,Saudi Riyal,5570.07,Saudi Riyal,Credit Card,0,0.018412286933403126
2022/09/05 21:11,25866,80493F150,16011,809FAC8D0,51.89,Euro,51.89,Euro,Credit Card,0,0.0001067264184768542
2022/09/09 18:43,70,100428660,24515,803728D40,4721.69,US Dollar,4721.69,US Dollar,Credit Card,0,0.004421318352727086
2022/09/01 16:44,1411,800BFED10,12735,80150CB00,16465.55,US Dollar,16465.55,US Dollar,ACH,1,0.018412286933403126
2022/09/10 04:29,23,800553380,28183,80A660F50,2600.3,Euro,2600.3,Euro,Cheque,0,0.0006547250703412115
2022/09/09 14:05,2843,8062EBE90,111443,80D9E6930,7276.19,US Dollar,7276.19,US Dollar,Cash,0,0.0009258418971884515
2022/09/02 23:51,16678,80611DA40,17120,80753F3B0,107530.99,Ruble,107530.99,Ruble,Cheque,0,0.0027892099354534217
2022/09/10 10:37,17732,8100C9140,130449,811E66510,261.82,US Dollar,261.82,US Dollar,Cheque,0,0.00022311193300933793
2022/09/09 05:55,70,100428780,113523,805406C80,25643.11,Rupee,25643.11,Rupee,Cheque,0,0.00100954403502066
2022/09/12 16:26,210829,80DFF8490,1601,80340DCF0,6591.29,US Dollar,6591.29,US Dollar,ACH,1,0.04701056919496519
2022/09/11 18:03,12,8010BB4D0,28663,80A9D7A10,4609.6,Australian Dollar,4609.6,Australian Dollar,ACH,1,0.04843221546280537
2022/09/08 16:34,23,8011492E0,27217,805BDEA10,96.18,Euro,96.18,Euro,Cheque,0,0.0001320588994628877
2022/09/07 01:19,119,80FE13AF0,243947,8105F9B80,24134.46,Shekel,24134.46,Shekel,Cheque,0,1.0569930661254862e-05
2022/09/09 12:02,348286,811C389E0,148016,811C53230,1439.79,Saudi Riyal,1439.79,Saudi Riyal,Credit Card,0,0.0002608394516838946
2022/09/05 12:32,21575,800EC1750,3335,8015A6530,15717.34,Euro,15717.34,Euro,ACH,1,0.03520051500479217
2022/09/04 18:41,117,80E5157A0,1588,8006ECDD0,15589.43,US Dollar,15589.43,US Dollar,ACH,1,0.04843221546280537
2022/09/07 00:55,238280,8128D56B0,217950,8134A8240,1616.47,Euro,1616.47,Euro,Cheque,0,1.0569930661254862e-05
2022/09/05 15:18,12,80C9E0070,131086,80CA0BB30,19744.1,Mexican Peso,19744.1,Mexican Peso,Cheque,0,0.0001067264184768542
2022/09/01 05:41,112064,804EF98D0,13154,804F36A80,37904011.95,Rupee,37904011.95,Rupee,Wire,0,0.0001067264184768542
2022/09/09 14:19,908,800711370,908,800711370,5793893.31,Yen,54970.52,US Dollar,ACH,0,0.010671866181600435
2022/09/01 03:28,18200,8038B1900,18200,80AA1C190,2255.82,Yuan,2255.82,Yuan,Credit Card,0,0.0001067264184768542
2022/09/03 00:40,214,80B735240,213,80C07B0D0,2114.85,Mexican Peso,2114.85,Mexican Peso,Cheque,0,0.0001067264184768542
2022/09/02 11:28,143496,81021AE80,144200,81068EDD0,4475.75,Shekel,4475.75,Shekel,Cheque,0,0.0005870426681270444
2022/09/01 00:12,223041,80B4ACC00,240492,80EFE0F40,2364.42,US Dollar,2364.42,US Dollar,Credit Card,0,0.0001067264184768542
2022/09/03 08:48,20,80006E370,18200,80E94B130,1782.81,Yuan,1782.81,Yuan,Cheque,0,0.00012077144199626745
2022/09/01 00:25,11296,8008EE530,111764,8080B67C0,376844.12,US Dollar,376844.12,US Dollar,ACH,0,0.00925021991376025
2022/09/09 11:02,1665,800759320,1601,8007A3FA0,447.32,US Dollar,447.32,US Dollar,Cash,0,0.001271402435278388
2022/09/06 18:18,49365,812A09D40,119,812A09CF0,2503.04,Saudi Riyal,2503.04,Saudi Riyal,ACH,1,0.04843221546280537
2022/09/02 18:44,222697,808693FD0,122545,808694020,1415.74,UK Pound,1415.74,UK Pound,ACH,1,0.03520051500479217
2022/09/03 23:31,13157,80504C780,214050,8058D9820,30978.58,Rupee,30978.58,Rupee,Credit Card,0,0.0002608394516838946
2022/09/02 01:24,21381,802140AD0,3,810CD6200,37075.34,Yuan,37075.34,Yuan,Credit Card,0,0.0001067264184768542
2022/09/03 23:33,5466,803BA8850,3335,803BAE1F0,36885.66,Euro,36885.66,Euro,ACH,1,0.03125016847632063
2022/09/08 16:56,14099,805DC3DD0,11974,8073E4CB0,30321.97,US Dollar,30321.97,US Dollar,Cheque,0,0.0019952432354243396
2022/09/08 11:26,795,8008774F0,239173,80E52EFD0,39400.26,US Dollar,39400.26,US Dollar,Cheque,0,0.0001320588994628877
2022/09/02 06:53,28629,80367AEA0,246894,812E5C140,531262.14,Euro,531262.14,Euro,ACH,0,0.04843221546280537
2022/09/06 22:54,239604,80F765BF0,241079,80F88AD90,373.65,Swiss Franc,373.65,Swiss Franc,Cheque,0,9.944301988983644e-05
2022/09/08 03:09,70,100428810,22541,80892F9B0,201.36,UK Pound,201.36,UK Pound,Credit Card,1,0.0006547250703412115
2022/09/02 09:36,12,800EDE720,12,800EDE720,59908.32,Euro,70199.58,US Dollar,ACH,0,0.010444703347802
2022/09/12 02:37,20,800195070,20,80016BEA0,6639.07,Euro,6639.07,Euro,ACH,1,0.0399682188682535
2022/09/04 13:10,136262,814308CB0,227513,814308E40,3498.15,US Dollar,3498.15,US Dollar,ACH,1,0.04843221546280537
2022/09/02 08:04,70,100428660,4766,8072C1AE0,866.69,US Dollar,866.69,US Dollar,Cheque,1,0.006338647999196085
2022/09/02 07:52,70,1004286A8,25536,804245700,43751.69,Euro,43751.69,Euro,Cash,0,0.004143931266928089
2022/09/01 15:19,795,800B0FE60,33389,8122F2840,230.26,US Dollar,230.26,US Dollar,Cheque,0,0.00022311193300933793
2022/09/07 14:03,70,100428660,1,800057620,1619.79,US Dollar,1619.79,US Dollar,Cheque,1,0.004143931266928089
2022/09/10 07:47,152627,813D06231,152627,813D06231,0.781275,Bitcoin,0.781275,Bitcoin,Bitcoin,0,0.004450039639973537
2022/09/09 09:28,70,1004286A8,14663,80BF39BA0,1501.29,Euro,1501.29,Euro,Credit Card,0,0.0030479204873427915
2022/09/01 22:12,10,801D38370,13264,801B24710,577.64,US Dollar,577.64,US Dollar,Credit Card,0,0.0006547250703412115
2022/09/06 07:39,1547,8015A8F50,21831,8015A8FF0,4052.21,Euro,4052.21,Euro,ACH,1,0.0399682188682535
2022/09/01 02:07,20898,80B49CF50,1688,8139ED8F0,4582.93,US Dollar,4582.93,US Dollar,Cheque,0,0.00017083756730143542
2022/09/01 10:55,39668,80F85D9E0,39668,80F85D9E0,18.59,Swiss Franc,18.59,Swiss Franc,Reinvestment,0,0.0001067264184768542
2022/09/03 19:40,21831,801CC29E0,14663,8021755A0,1995.34,Euro,1995.34,Euro,Cash,0,0.0027892099354534217
2022/09/02 23:53,7548,80BC2E970,214100,813309530,289.77,Euro,289.77,Euro,Cheque,0,0.0009258418971884515
2022/09/01 22:38,239604,80E825BB0,137218,80EB3B140,35.31,Swiss Franc,35.31,Swiss Franc,Cash,0,0.0001320588994628877
2022/09/08 00:57,11157,800F8C610,22164,80111BDF0,158.74,US Dollar,158.74,US Dollar,Credit Card,0,1.0569930661254862e-05
2022/09/10 09:07,70,1004286A8,27616,80D475E30,669.42,Euro,669.42,Euro,Credit Card,0,0.004421318352727086
2022/09/02 01:45,1292,800301970,22828,809BAC190,703.48,US Dollar,703.48,US Dollar,Credit Card,0,0.0001067264184768542
2022/09/02 14:54,9665,803B3EEB0,210972,804164A10,2133026.99,Yen,2133026.99,Yen,Credit Card,0,0.0001320588994628877
2022/09/08 22:13,12,80037EB50,11,800640DE0,1165.45,Euro,1165.45,Euro,Cheque,0,0.00022311193300933793
2022/09/09 14:46,1,800042CB0,1,800042CB0,30.91,US Dollar,30.91,US Dollar,Cheque,0,0.0019564645675857915
2022/09/05 02:54,9,8062984B0,16927,8063B4740,221192.0,Ruble,221192.0,Ruble,Cheque,0,0.00021566887726663908
2022/09/01 11:14,226350,80A09CC30,226350,80A09CC30,21.01,Euro,21.01,Euro,Reinvestment,0,0.0013675636676132382
2022/09/01 20:33,1241,800F9FBC0,11471,80124E510,734.51,US Dollar,734.51,US Dollar,Cheque,0,0.0001067264184768542
2022/09/06 21:42,210319,803FE3B00,10060,803FF1480,8929.95,Yen,8929.95,Yen,Cheque,0,0.0001067264184768542
2022/09/09 00:18,22345,801B0C870,215266,80FA67C30,33.09,US Dollar,33.09,US Dollar,Credit Card,0,0.0001067264184768542
2022/09/07 19:09,19740,80CD00120,18097,80CD0DCC0,9532.6,Yuan,9532.6,Yuan,ACH,1,0.02175948815800694
2022/09/02 19:22,22,80189F0F0,24840,802BEE050,5778.66,Euro,5778.66,Euro,Cheque,0,0.00022311193300933793
2022/09/02 19:23,24032,809E19CE0,1853,8144A5320,76.54,US Dollar,76.54,US Dollar,Cash,0,0.0009006015762308751
2022/09/02 22:19,24,803B16DD0,10060,803D98780,258663.59,Yen,258663.59,Yen,Credit Card,0,0.00012077144199626745
2022/09/02 05:15,10614,806D98200,243805,81271B470,6823.45,US Dollar,6823.45,US Dollar,Credit Card,0,0.0001067264184768542
2022/09/05 02:35,8805,803D57430,115700,80D46C650,336.56,US Dollar,336.56,US Dollar,Credit Card,0,0.00020838547867962134
2022/09/03 17:04,4766,804EE4DE0,4766,804EE4DE0,7.89,Australian Dollar,5.58,US Dollar,ACH,0,0.010671866181600435
2022/09/07 04:44,11107,801694610,48526,8123D11D0,6218.35,Saudi Riyal,6218.35,Saudi Riyal,Credit Card,0,0.0001067264184768542
2022/09/07 14:28,215897,80D42DCF0,11,800924840,16658.75,Euro,16658.75,Euro,ACH,1,0.04843221546280537
2022/09/08 20:56,138335,80E8F8810,240229,80E9F8270,45327.9,Swiss Franc,45327.9,Swiss Franc,Cheque,0,0.00022311193300933793
2022/09/05 03:51,254958,814582061,154653,8148A24F1,0.508916,Bitcoin,0.508916,Bitcoin,Bitcoin,0,0.002614964191481342
2022/09/10 04:41,1362,800597E90,2385,806954880,1829.4,US Dollar,1829.4,US Dollar,ACH,1,0.021658463628954877
2022/09/02 05:36,21568,807FC4C40,23497,813D21D70,2352.83,UK Pound,2352.83,UK Pound,Credit Card,0,0.0001067264184768542
2022/09/01 18:27,287,8060CF270,16649,8062CE6B0,159921.55,Ruble,159921.55,Ruble,Credit Card,0,0.0002608394516838946
2022/09/09 02:35,33993,804963D30,15723,80492E410,370.62,US Dollar,370.62,US Dollar,Cheque,0,0.0001067264184768542
2022/09/05 16:16,24,80468FA70,1547,8028F2650,15761.21,Euro,15761.21,Euro,ACH,1,0.04843221546280537
2022/09/01 01:38,3,804A3F5F0,13029,804C9DF20,908584.81,Rupee,908584.81,Rupee,ACH,0,0.01652367857418058
2022/09/12 23:51,16643,803C62630,11128,80465E020,1557864.56,Yen,1557864.56,Yen,ACH,1,0.04586611746036129
2022/09/04 07:40,7,800087A50,13667,804FF0330,34866.08,Rupee,34866.08,Rupee,Credit Card,0,0.0001067264184768542
2022/09/07 10:23,70,100428930,135010,80D83A010,38381.23,Brazil Real,38381.23,Brazil Real,Cheque,0,0.0005195500035732644
2022/09/05 20:17,23691,805833380,111121,80AB9D0B0,74.82,Euro,74.82,Euro,Credit Card,0,0.0001067264184768542
2022/09/01 03:52,35045,801FC1760,35045,801FC1760,1386.33,Euro,1386.33,Euro,Reinvestment,0,0.0019564645675857915
2022/09/08 14:45,112637,804E09170,13157,805642030,72263.5,Rupee,72263.5,Rupee,Wire,0,0.00022971390078605234
2022/09/07 16:17,11128,8045F4500,116,80E5DE3D0,6954.68,Swiss Franc,6954.68,Swiss Franc,ACH,1,0.04444530667145883
2022/09/07 18:39,111425,8044102D0,1853,807D4D5C0,64.89,US Dollar,64.89,US Dollar,Cheque,0,0.0001067264184768542
2022/09/03 19:25,23344,80203C540,231212,80BA7B3C0,3827.83,Euro,3827.83,Euro,Credit Card,0,0.0019564645675857915
2022/09/02 18:11,331023,80B867370,14325,80B860750,58.38,US Dollar,58.38,US Dollar,Cheque,0,0.00022971390078605234
2022/09/01 11:54,111491,8072CA810,3242,80D4F93D0,4458.15,US Dollar,4458.15,US Dollar,Cheque,0,0.0004818224848987078
2022/09/02 01:30,22205,80758B5E0,12585,80BA625E0,82.77,US Dollar,82.77,US Dollar,Cash,0,0.0001067264184768542
2022/09/01 00:09,513,8134729E0,513,8134729E0,7174.42,US Dollar,7174.42,US Dollar,Reinvestment,0,0.0006547250703412115
2022/09/14 04:40,20,8001C97D0,23,800240940,9460.73,Euro,9460.73,Euro,ACH,1,0.03535782552515415
2022/09/02 09:53,1547,808D1AFF0,27920,80D40CAC0,5.94,Euro,5.94,Euro,ACH,0,0.03125016847632063
2022/09/04 12:56,12963,8068A4B40,14657,81113F2F0,147.12,Euro,147.12,Euro,Cheque,0,0.0009373687131605593
2022/09/01 21:43,217496,806AABB00,16678,806ABA1B0,687304.53,Ruble,687304.53,Ruble,ACH,0,0.007265043573094749
2022/09/08 13:34,10,800128000,11974,800C3D3E0,339.28,US Dollar,339.28,US Dollar,Credit Card,0,0.0001067264184768542
2022/09/03 11:07,13157,805CA5A30,241869,80F390FC0,4513.56,Swiss Franc,4513.56,Swiss Franc,ACH,1,0.047042918380536904
2022/09/02 16:51,229122,80A920970,28663,80AD259D0,9154.95,Australian Dollar,9154.95,Australian Dollar,Cheque,0,0.0029259778367726947
2022/09/01 13:07,1547,8006A14A0,12963,801EC8C00,2856.64,Euro,2856.64,Euro,Wire,0,0.00022311193300933793
2022/09/05 12:10,16388,80273A140,11056,809C4D150,367.3,Euro,367.3,Euro,Cheque,0,0.0012718640362463882
2022/09/03 23:21,27621,80A492C00,19,80A8B7610,1804.15,Australian Dollar,1804.15,Australian Dollar,Cheque,0,0.0027892099354534217
2022/09/10 15:07,70,1004286A8,39198,813AA20D0,1103.81,Euro,1103.81,Euro,Credit Card,0,0.003153140670571128
2022/09/01 01:09,213137,806C17D90,26580,809557A70,2453.43,Euro,2453.43,Euro,Credit Card,0,0.00012077144199626745
2022/09/08 20:49,1244,809656C80,27755,80A45BFA0,30327.66,Australian Dollar,30327.66,Australian Dollar,Credit Card,0,0.0001320588994628877
2022/09/07 15:41,7,804A869D0,3,804D45D20,14997.91,Rupee,14997.91,Rupee,Cheque,0,0.0001067264184768542
2022/09/01 00:06,71,80482A4B0,71,80482A4B0,1524473.16,Rupee,1524473.16,Rupee,Reinvestment,0,9.944301988983644e-05
2022/09/02 16:53,240971,80F42FD70,239453,80F53CD70,2130.73,Swiss Franc,2130.73,Swiss Franc,Cheque,0,0.0001595501098348152
2022/09/01 06:37,21387,80420AA80,21387,80420AA80,294.91,US Dollar,251.68,Euro,ACH,0,0.005505902631328454
2022/09/09 15:14,310601,80405DEA0,15,80405E260,23210.7,Yen,23210.7,Yen,Credit Card,0,0.0001067264184768542
2022/09/09 15:03,70,100428660,5394,802309770,1738.79,US Dollar,1738.79,US Dollar,Credit Card,0,0.006338647999196085
2022/09/13 03:44,15,803DE4A90,116425,80610E010,307580.26,Ruble,307580.26,Ruble,ACH,1,0.0465688474245404
2022/09/09 08:41,210,8090A7C00,24856,80982A050,3905016.34,Canadian Dollar,3905016.34,Canadian Dollar,Wire,0,0.0001067264184768542
2022/09/09 16:32,13083,8025EF980,8539,805586820,601062.76,Euro,601062.76,Euro,Cash,0,0.00022311193300933793
2022/09/01 04:13,70,100428A51,54348,8143E4B81,1.157337,Bitcoin,1.157337,Bitcoin,Bitcoin,0,0.004949350916927618
2022/09/06 05:11,137218,80DD970C0,118,80DD97070,3820.19,Swiss Franc,3820.19,Swiss Franc,ACH,0,0.02141258712306521
2022/09/05 06:43,16333,804DE70D0,16224,804DE78A0,2166.7,US Dollar,2166.7,US Dollar,ACH,0,0.043966831638586924
2022/09/04 07:40,70,1004288A0,28531,80AC79000,198.03,Australian Dollar,198.03,Australian Dollar,Cheque,1,0.0016586234050743251
2022/09/10 18:11,70,100428810,21884,808749D00,2127.3,UK Pound,2127.3,UK Pound,Cheque,0,0.001159312128120245
2022/09/01 11:37,6,80A1F6DE0,127593,80A4CA450,55279.72,Australian Dollar,55279.72,Australian Dollar,Cash,0,0.0009006015762308751
2022/09/08 07:39,1665,800FC2E50,1501,8088906D0,52.93,Euro,52.93,Euro,Cash,0,0.0004762818878157548
2022/09/10 02:02,908,800A92A30,14549,8041DD290,70.69,US Dollar,70.69,US Dollar,Cheque,0,0.00022311193300933793
2022/09/06 11:24,213,809821090,210,809B5A9F0,137.1,Canadian Dollar,137.1,Canadian Dollar,Credit Card,0,1.0569930661254862e-05
2022/09/02 01:57,70,1004288E8,231744,80C029390,968283.71,Mexican Peso,968283.71,Mexican Peso,Cash,1,0.0004762818878157548
2022/09/02 09:27,21258,802E7C610,23402,8059741A0,4650.74,US Dollar,4650.74,US Dollar,Cheque,0,0.0001067264184768542
2022/09/04 00:37,1198,80FD71600,217,80FE11DA0,532.65,Shekel,532.65,Shekel,Credit Card,0,0.0001067264184768542
2022/09/07 05:47,21918,8089DC420,9,807051670,234399.31,Ruble,234399.31,Ruble,ACH,1,0.02202926448800239
2022/09/06 21:14,218783,806C98BD0,16787,806E2C9F0,4969.07,Ruble,4969.07,Ruble,Credit Card,0,9.944301988983644e-05
2022/09/02 02:20,70,100428660,27564,80D148010,2800.29,US Dollar,2800.29,US Dollar,Cheque,0,0.005393604196273509
2022/09/09 08:10,11,8001D71F0,22091,80813D810,11249.63,UK Pound,11249.63,UK Pound,ACH,1,0.03368270750461714
2022/09/02 23:21,17321,8048D14E0,225690,812E73F00,3705.22,Euro,3705.22,Euro,Cheque,0,0.0019564645675857915
2022/09/08 00:23,48211,811DB1950,222,8122D0600,3558.28,Saudi Riyal,3558.28,Saudi Riyal,Cheque,0,0.00022311193300933793
2022/09/02 04:31,21611,8019202C0,224449,80B29C020,5099.37,US Dollar,5099.37,US Dollar,Cheque,0,0.00022311193300933793
2022/09/05 10:57,3229,801EB5540,113779,8091E3AF0,312.02,US Dollar,312.02,US Dollar,Cheque,0,1.0569930661254862e-05
2022/09/02 20:24,11,8043EE0F0,26818,80D8AA320,1222.6,Euro,1222.6,Euro,Credit Card,0,0.0004762818878157548
2022/09/02 14:07,16333,8045BBA20,16333,8045BBA20,2616587.43,Mexican Peso,123756.09,US Dollar,ACH,0,0.008210335545831645
2022/09/01 00:10,221332,810E84AE0,1467,810E84150,3517.0,US Dollar,3517.0,US Dollar,ACH,0,0.0036702095057389297
2022/09/05 21:52,138395,80E869D10,40653,80F32A6F0,913.64,Swiss Franc,913.64,Swiss Franc,Cheque,0,9.944301988983644e-05
2022/09/10 06:33,17491,806A78CA0,116843,806AA6EE0,3702595.58,Ruble,3702595.58,Ruble,ACH,1,0.04212756541566448
2022/09/06 02:16,8805,80B8A4F30,26024,80CF01B10,1041.13,US Dollar,1041.13,US Dollar,Cheque,0,1.0569930661254862e-05
2022/09/01 00:42,333699,80C44E3E0,333699,80C44E3E0,645419.17,Yen,645419.17,Yen,Reinvestment,0,0.00022311193300933793
2022/09/10 11:00,12,8010D4440,132554,80D31F5E0,81592.54,US Dollar,81592.54,US Dollar,ACH,1,0.027359510248371164
2022/09/01 14:52,1124,800BCAFD0,8623,803459390,479917.99,US Dollar,479917.99,US Dollar,ACH,0,0.02354707198817742
2022/09/07 09:02,29317,80D32A800,131326,80D333580,4167.22,US Dollar,4167.22,US Dollar,ACH,1,0.02588970401732581
2022/09/03 12:13,231490,8146F61C0,237016,8146F26A0,421.78,US Dollar,421.78,US Dollar,ACH,0,0.02985032277042511
2022/09/08 00:55,116,80EEC3A50,116,80F201080,114.62,Swiss Franc,114.62,Swiss Franc,Cheque,0,0.0001067264184768542
2022/09/01 10:07,6075,807B3BEA0,11030,808BB82C0,1391.27,US Dollar,1391.27,US Dollar,Cash,0,0.0004762818878157548
2022/09/02 19:51,325198,809E84880,227406,809E832B0,718.59,Canadian Dollar,718.59,Canadian Dollar,Credit Card,0,0.0001320588994628877
2022/09/01 17:25,29788,80399CED0,241869,80F390FC0,8430.98,Swiss Franc,8430.98,Swiss Franc,ACH,1,0.04759947009493774
2022/09/08 02:21,235509,80CE12BF0,211,80DA29F90,1304.84,Brazil Real,1304.84,Brazil Real,Cheque,0,0.00014550508631540194
2022/09/06 19:52,120046,8062B9FD0,17748,80DAD2370,5635.1,US Dollar,5635.1,US Dollar,ACH,1,0.03513066269135572
2022/09/03 00:17,17120,80645F640,4,806A2CAD0,2263.14,Ruble,2263.14,Ruble,Credit Card,0,0.00022311193300933793
2022/09/08 07:57,513,8027C1CE0,111312,8046CBEE0,1150427.42,Yen,1150427.42,Yen,ACH,1,0.02728422476798103
2022/09/03 12:08,71,804ABCE90,213737,805494C30,621578.18,Rupee,621578.18,Rupee,ACH,1,0.0158839164496336
2022/09/10 18:50,2824,8013250D0,11157,80B317140,292.88,US Dollar,292.88,US Dollar,Cheque,0,0.0006935037381797592
2022/09/09 15:05,227720,80D25FC20,2843,8132FA930,4043.4,US Dollar,4043.4,US Dollar,Cheque,0,0.0009006015762308751
2022/09/01 04:37,20,800165200,20,800165200,10.99,Euro,10.99,Euro,Reinvestment,0,0.0013999128531849553
2022/09/07 06:13,122047,808C30740,243614,8100920E0,50878.02,Shekel,50878.02,Shekel,ACH,1,0.016548918895138157
